ID,City,lat,lon,date,temp,description,clouds,pop
0,Mont Saint Michel,48.6359541,-1.511459954959514,2023-07-23,21.21,moderate rain,100,0.98
0,Mont Saint Michel,48.6359541,-1.511459954959514,2023-07-23,20.09,moderate rain,100,0.98
0,Mont Saint Michel,48.6359541,-1.511459954959514,2023-07-23,18.34,light rain,100,1.0
0,Mont Saint Michel,48.6359541,-1.511459954959514,2023-07-24,15.32,light rain,64,1.0
0,Mont Saint Michel,48.6359541,-1.511459954959514,2023-07-24,15.56,light rain,65,0.36
0,Mont Saint Michel,48.6359541,-1.511459954959514,2023-07-24,15.27,broken clouds,83,0.04
0,Mont Saint Michel,48.6359541,-1.511459954959514,2023-07-24,19.06,broken clouds,76,0.07
0,Mont Saint Michel,48.6359541,-1.511459954959514,2023-07-24,21.49,light rain,60,0.54
0,Mont Saint Michel,48.6359541,-1.511459954959514,2023-07-24,20.86,light rain,23,0.61
0,Mont Saint Michel,48.6359541,-1.511459954959514,2023-07-24,18.78,few clouds,19,0.59
0,Mont Saint Michel,48.6359541,-1.511459954959514,2023-07-24,15.05,few clouds,24,0.56
0,Mont Saint Michel,48.6359541,-1.511459954959514,2023-07-25,14.35,light rain,43,0.58
0,Mont Saint Michel,48.6359541,-1.511459954959514,2023-07-25,14.78,light rain,94,0.34
0,Mont Saint Michel,48.6359541,-1.511459954959514,2023-07-25,14.47,broken clouds,61,0.34
0,Mont Saint Michel,48.6359541,-1.511459954959514,2023-07-25,17.41,light rain,37,0.52
0,Mont Saint Michel,48.6359541,-1.511459954959514,2023-07-25,19.48,few clouds,24,0.55
0,Mont Saint Michel,48.6359541,-1.511459954959514,2023-07-25,19.71,few clouds,19,0.06
0,Mont Saint Michel,48.6359541,-1.511459954959514,2023-07-25,17.92,scattered clouds,34,0.02
0,Mont Saint Michel,48.6359541,-1.511459954959514,2023-07-25,14.52,broken clouds,72,0.0
0,Mont Saint Michel,48.6359541,-1.511459954959514,2023-07-26,13.45,broken clouds,71,0.0
0,Mont Saint Michel,48.6359541,-1.511459954959514,2023-07-26,14.05,overcast clouds,89,0.08
0,Mont Saint Michel,48.6359541,-1.511459954959514,2023-07-26,14.88,light rain,94,0.32
0,Mont Saint Michel,48.6359541,-1.511459954959514,2023-07-26,18.2,light rain,100,0.6
0,Mont Saint Michel,48.6359541,-1.511459954959514,2023-07-26,20.5,light rain,99,0.83
0,Mont Saint Michel,48.6359541,-1.511459954959514,2023-07-26,19.91,overcast clouds,99,0.21
0,Mont Saint Michel,48.6359541,-1.511459954959514,2023-07-26,19.3,overcast clouds,99,0.21
0,Mont Saint Michel,48.6359541,-1.511459954959514,2023-07-26,17.65,overcast clouds,96,0.0
0,Mont Saint Michel,48.6359541,-1.511459954959514,2023-07-27,15.84,overcast clouds,90,0.0
0,Mont Saint Michel,48.6359541,-1.511459954959514,2023-07-27,16.75,broken clouds,79,0.0
0,Mont Saint Michel,48.6359541,-1.511459954959514,2023-07-27,17.77,overcast clouds,85,0.0
0,Mont Saint Michel,48.6359541,-1.511459954959514,2023-07-27,20.96,broken clouds,64,0.05
0,Mont Saint Michel,48.6359541,-1.511459954959514,2023-07-27,23.78,broken clouds,75,0.21
0,Mont Saint Michel,48.6359541,-1.511459954959514,2023-07-27,23.08,light rain,100,0.43
0,Mont Saint Michel,48.6359541,-1.511459954959514,2023-07-27,20.47,light rain,100,0.59
0,Mont Saint Michel,48.6359541,-1.511459954959514,2023-07-27,18.62,light rain,100,0.33
0,Mont Saint Michel,48.6359541,-1.511459954959514,2023-07-28,18.44,light rain,100,0.78
0,Mont Saint Michel,48.6359541,-1.511459954959514,2023-07-28,16.86,overcast clouds,100,0.17
0,Mont Saint Michel,48.6359541,-1.511459954959514,2023-07-28,16.66,broken clouds,79,0.29
0,Mont Saint Michel,48.6359541,-1.511459954959514,2023-07-28,19.37,light rain,88,0.29
0,Mont Saint Michel,48.6359541,-1.511459954959514,2023-07-28,22.0,overcast clouds,94,0.15
1,St Malo,48.649518,-2.0260409,2023-07-23,20.86,moderate rain,100,0.88
1,St Malo,48.649518,-2.0260409,2023-07-23,19.71,moderate rain,100,0.88
1,St Malo,48.649518,-2.0260409,2023-07-23,18.29,light rain,90,0.91
1,St Malo,48.649518,-2.0260409,2023-07-24,15.67,light rain,50,0.9
1,St Malo,48.649518,-2.0260409,2023-07-24,15.93,broken clouds,80,0.06
1,St Malo,48.649518,-2.0260409,2023-07-24,15.58,overcast clouds,90,0.1
1,St Malo,48.649518,-2.0260409,2023-07-24,18.25,broken clouds,57,0.16
1,St Malo,48.649518,-2.0260409,2023-07-24,19.6,light rain,42,0.55
1,St Malo,48.649518,-2.0260409,2023-07-24,18.63,light rain,22,0.44
1,St Malo,48.649518,-2.0260409,2023-07-24,17.91,few clouds,22,0.46
1,St Malo,48.649518,-2.0260409,2023-07-24,15.95,light rain,14,0.58
1,St Malo,48.649518,-2.0260409,2023-07-25,16.02,light rain,44,0.63
1,St Malo,48.649518,-2.0260409,2023-07-25,15.31,light rain,73,0.23
1,St Malo,48.649518,-2.0260409,2023-07-25,15.45,light rain,55,0.27
1,St Malo,48.649518,-2.0260409,2023-07-25,17.15,light rain,39,0.34
1,St Malo,48.649518,-2.0260409,2023-07-25,18.57,scattered clouds,26,0.26
1,St Malo,48.649518,-2.0260409,2023-07-25,17.61,scattered clouds,47,0.0
1,St Malo,48.649518,-2.0260409,2023-07-25,17.19,scattered clouds,45,0.0
1,St Malo,48.649518,-2.0260409,2023-07-25,15.28,overcast clouds,86,0.0
1,St Malo,48.649518,-2.0260409,2023-07-26,14.9,broken clouds,83,0.0
1,St Malo,48.649518,-2.0260409,2023-07-26,15.26,overcast clouds,99,0.32
1,St Malo,48.649518,-2.0260409,2023-07-26,16.04,light rain,100,0.39
1,St Malo,48.649518,-2.0260409,2023-07-26,18.58,light rain,98,0.46
1,St Malo,48.649518,-2.0260409,2023-07-26,18.97,light rain,99,0.48
1,St Malo,48.649518,-2.0260409,2023-07-26,19.71,light rain,100,0.36
1,St Malo,48.649518,-2.0260409,2023-07-26,19.27,light rain,100,0.36
1,St Malo,48.649518,-2.0260409,2023-07-26,17.7,overcast clouds,93,0.0
1,St Malo,48.649518,-2.0260409,2023-07-27,16.17,broken clouds,82,0.0
1,St Malo,48.649518,-2.0260409,2023-07-27,17.53,overcast clouds,90,0.0
1,St Malo,48.649518,-2.0260409,2023-07-27,17.32,broken clouds,81,0.0
1,St Malo,48.649518,-2.0260409,2023-07-27,19.95,overcast clouds,86,0.23
1,St Malo,48.649518,-2.0260409,2023-07-27,22.37,light rain,93,0.41
1,St Malo,48.649518,-2.0260409,2023-07-27,21.1,light rain,100,0.55
1,St Malo,48.649518,-2.0260409,2023-07-27,19.77,light rain,100,0.64
1,St Malo,48.649518,-2.0260409,2023-07-27,18.9,light rain,100,0.36
1,St Malo,48.649518,-2.0260409,2023-07-28,17.78,light rain,100,0.42
1,St Malo,48.649518,-2.0260409,2023-07-28,16.5,overcast clouds,99,0.06
1,St Malo,48.649518,-2.0260409,2023-07-28,16.55,broken clouds,66,0.14
1,St Malo,48.649518,-2.0260409,2023-07-28,19.31,overcast clouds,94,0.04
1,St Malo,48.649518,-2.0260409,2023-07-28,20.88,overcast clouds,95,0.0
2,Bayeux,49.2764624,-0.7024738,2023-07-23,19.14,moderate rain,100,0.87
2,Bayeux,49.2764624,-0.7024738,2023-07-23,18.6,moderate rain,100,0.83
2,Bayeux,49.2764624,-0.7024738,2023-07-23,16.63,moderate rain,91,0.87
2,Bayeux,49.2764624,-0.7024738,2023-07-24,15.89,light rain,91,0.87
2,Bayeux,49.2764624,-0.7024738,2023-07-24,13.9,light rain,54,0.29
2,Bayeux,49.2764624,-0.7024738,2023-07-24,14.38,broken clouds,64,0.06
2,Bayeux,49.2764624,-0.7024738,2023-07-24,17.68,overcast clouds,100,0.33
2,Bayeux,49.2764624,-0.7024738,2023-07-24,22.27,light rain,79,0.47
2,Bayeux,49.2764624,-0.7024738,2023-07-24,19.07,light rain,75,0.38
2,Bayeux,49.2764624,-0.7024738,2023-07-24,17.88,light rain,47,0.38
2,Bayeux,49.2764624,-0.7024738,2023-07-24,14.48,few clouds,20,0.07
2,Bayeux,49.2764624,-0.7024738,2023-07-25,14.68,light rain,46,0.46
2,Bayeux,49.2764624,-0.7024738,2023-07-25,14.53,light rain,100,0.7
2,Bayeux,49.2764624,-0.7024738,2023-07-25,14.44,light rain,87,0.84
2,Bayeux,49.2764624,-0.7024738,2023-07-25,17.18,light rain,22,0.81
2,Bayeux,49.2764624,-0.7024738,2023-07-25,18.82,light rain,19,0.88
2,Bayeux,49.2764624,-0.7024738,2023-07-25,19.38,light rain,65,0.41
2,Bayeux,49.2764624,-0.7024738,2023-07-25,18.94,scattered clouds,43,0.33
2,Bayeux,49.2764624,-0.7024738,2023-07-25,12.84,clear sky,6,0.0
2,Bayeux,49.2764624,-0.7024738,2023-07-26,11.8,scattered clouds,42,0.0
2,Bayeux,49.2764624,-0.7024738,2023-07-26,11.68,broken clouds,63,0.0
2,Bayeux,49.2764624,-0.7024738,2023-07-26,14.16,broken clouds,78,0.0
2,Bayeux,49.2764624,-0.7024738,2023-07-26,16.84,overcast clouds,100,0.07
2,Bayeux,49.2764624,-0.7024738,2023-07-26,19.9,light rain,100,0.28
2,Bayeux,49.2764624,-0.7024738,2023-07-26,21.72,light rain,98,0.26
2,Bayeux,49.2764624,-0.7024738,2023-07-26,19.78,overcast clouds,99,0.0
2,Bayeux,49.2764624,-0.7024738,2023-07-26,17.64,overcast clouds,99,0.0
2,Bayeux,49.2764624,-0.7024738,2023-07-27,15.87,overcast clouds,99,0.0
2,Bayeux,49.2764624,-0.7024738,2023-07-27,15.86,overcast clouds,100,0.0
2,Bayeux,49.2764624,-0.7024738,2023-07-27,17.39,overcast clouds,100,0.0
2,Bayeux,49.2764624,-0.7024738,2023-07-27,19.28,overcast clouds,98,0.0
2,Bayeux,49.2764624,-0.7024738,2023-07-27,22.01,light rain,99,0.41
2,Bayeux,49.2764624,-0.7024738,2023-07-27,19.97,light rain,100,0.56
2,Bayeux,49.2764624,-0.7024738,2023-07-27,20.67,light rain,100,0.64
2,Bayeux,49.2764624,-0.7024738,2023-07-27,18.48,light rain,100,0.47
2,Bayeux,49.2764624,-0.7024738,2023-07-28,17.62,light rain,100,0.64
2,Bayeux,49.2764624,-0.7024738,2023-07-28,16.06,overcast clouds,100,0.09
2,Bayeux,49.2764624,-0.7024738,2023-07-28,16.74,overcast clouds,96,0.02
2,Bayeux,49.2764624,-0.7024738,2023-07-28,19.16,light rain,89,0.36
2,Bayeux,49.2764624,-0.7024738,2023-07-28,20.05,light rain,93,0.4
3,Le Havre,49.4938975,0.1079732,2023-07-23,19.51,heavy intensity rain,75,0.9
3,Le Havre,49.4938975,0.1079732,2023-07-23,19.19,moderate rain,83,0.9
3,Le Havre,49.4938975,0.1079732,2023-07-23,18.18,moderate rain,92,0.94
3,Le Havre,49.4938975,0.1079732,2023-07-24,17.19,light rain,84,0.9
3,Le Havre,49.4938975,0.1079732,2023-07-24,16.55,light rain,61,0.42
3,Le Havre,49.4938975,0.1079732,2023-07-24,16.51,light rain,56,0.39
3,Le Havre,49.4938975,0.1079732,2023-07-24,17.15,light rain,100,0.4
3,Le Havre,49.4938975,0.1079732,2023-07-24,18.68,light rain,98,0.62
3,Le Havre,49.4938975,0.1079732,2023-07-24,18.94,light rain,18,0.35
3,Le Havre,49.4938975,0.1079732,2023-07-24,18.52,few clouds,13,0.3
3,Le Havre,49.4938975,0.1079732,2023-07-24,15.7,clear sky,6,0.02
3,Le Havre,49.4938975,0.1079732,2023-07-25,15.56,light rain,28,0.29
3,Le Havre,49.4938975,0.1079732,2023-07-25,15.4,light rain,100,0.65
3,Le Havre,49.4938975,0.1079732,2023-07-25,14.93,light rain,99,0.92
3,Le Havre,49.4938975,0.1079732,2023-07-25,15.82,light rain,97,0.87
3,Le Havre,49.4938975,0.1079732,2023-07-25,17.61,light rain,66,0.85
3,Le Havre,49.4938975,0.1079732,2023-07-25,18.11,few clouds,20,0.34
3,Le Havre,49.4938975,0.1079732,2023-07-25,17.45,few clouds,18,0.3
3,Le Havre,49.4938975,0.1079732,2023-07-25,16.11,clear sky,1,0.0
3,Le Havre,49.4938975,0.1079732,2023-07-26,15.91,few clouds,20,0.0
3,Le Havre,49.4938975,0.1079732,2023-07-26,15.2,overcast clouds,92,0.0
3,Le Havre,49.4938975,0.1079732,2023-07-26,14.99,broken clouds,84,0.0
3,Le Havre,49.4938975,0.1079732,2023-07-26,16.81,overcast clouds,99,0.0
3,Le Havre,49.4938975,0.1079732,2023-07-26,18.34,overcast clouds,97,0.0
3,Le Havre,49.4938975,0.1079732,2023-07-26,19.54,light rain,65,0.37
3,Le Havre,49.4938975,0.1079732,2023-07-26,18.6,broken clouds,76,0.03
3,Le Havre,49.4938975,0.1079732,2023-07-26,18.63,overcast clouds,96,0.0
3,Le Havre,49.4938975,0.1079732,2023-07-27,18.16,overcast clouds,98,0.0
3,Le Havre,49.4938975,0.1079732,2023-07-27,17.43,overcast clouds,100,0.0
3,Le Havre,49.4938975,0.1079732,2023-07-27,17.43,overcast clouds,100,0.0
3,Le Havre,49.4938975,0.1079732,2023-07-27,19.76,overcast clouds,100,0.0
3,Le Havre,49.4938975,0.1079732,2023-07-27,21.91,overcast clouds,100,0.26
3,Le Havre,49.4938975,0.1079732,2023-07-27,19.97,light rain,100,0.44
3,Le Havre,49.4938975,0.1079732,2023-07-27,19.92,light rain,100,0.68
3,Le Havre,49.4938975,0.1079732,2023-07-27,19.09,light rain,100,0.78
3,Le Havre,49.4938975,0.1079732,2023-07-28,18.62,light rain,100,0.68
3,Le Havre,49.4938975,0.1079732,2023-07-28,18.07,light rain,100,0.24
3,Le Havre,49.4938975,0.1079732,2023-07-28,17.7,light rain,100,0.22
3,Le Havre,49.4938975,0.1079732,2023-07-28,18.6,light rain,84,0.24
3,Le Havre,49.4938975,0.1079732,2023-07-28,18.77,light rain,87,0.21
4,Rouen,49.4404591,1.0939658,2023-07-23,20.82,moderate rain,100,1.0
4,Rouen,49.4404591,1.0939658,2023-07-23,20.01,moderate rain,100,1.0
4,Rouen,49.4404591,1.0939658,2023-07-23,18.62,moderate rain,100,0.98
4,Rouen,49.4404591,1.0939658,2023-07-24,17.08,light rain,99,1.0
4,Rouen,49.4404591,1.0939658,2023-07-24,14.94,light rain,64,0.57
4,Rouen,49.4404591,1.0939658,2023-07-24,15.28,light rain,65,0.61
4,Rouen,49.4404591,1.0939658,2023-07-24,17.43,broken clouds,73,0.26
4,Rouen,49.4404591,1.0939658,2023-07-24,20.66,overcast clouds,86,0.3
4,Rouen,49.4404591,1.0939658,2023-07-24,22.0,light rain,61,0.8
4,Rouen,49.4404591,1.0939658,2023-07-24,19.77,light rain,49,0.8
4,Rouen,49.4404591,1.0939658,2023-07-24,14.09,few clouds,17,0.32
4,Rouen,49.4404591,1.0939658,2023-07-25,12.51,few clouds,20,0.28
4,Rouen,49.4404591,1.0939658,2023-07-25,13.11,light rain,84,0.32
4,Rouen,49.4404591,1.0939658,2023-07-25,13.12,light rain,92,0.83
4,Rouen,49.4404591,1.0939658,2023-07-25,17.66,overcast clouds,97,0.19
4,Rouen,49.4404591,1.0939658,2023-07-25,20.69,light rain,97,0.39
4,Rouen,49.4404591,1.0939658,2023-07-25,20.32,light rain,72,0.39
4,Rouen,49.4404591,1.0939658,2023-07-25,18.82,light rain,46,0.39
4,Rouen,49.4404591,1.0939658,2023-07-25,13.14,clear sky,4,0.0
4,Rouen,49.4404591,1.0939658,2023-07-26,11.78,few clouds,19,0.0
4,Rouen,49.4404591,1.0939658,2023-07-26,11.09,broken clouds,51,0.0
4,Rouen,49.4404591,1.0939658,2023-07-26,12.97,broken clouds,58,0.0
4,Rouen,49.4404591,1.0939658,2023-07-26,18.02,broken clouds,76,0.0
4,Rouen,49.4404591,1.0939658,2023-07-26,20.77,broken clouds,83,0.0
4,Rouen,49.4404591,1.0939658,2023-07-26,22.13,light rain,82,0.61
4,Rouen,49.4404591,1.0939658,2023-07-26,21.13,light rain,91,0.28
4,Rouen,49.4404591,1.0939658,2023-07-26,17.01,overcast clouds,100,0.0
4,Rouen,49.4404591,1.0939658,2023-07-27,17.14,overcast clouds,98,0.0
4,Rouen,49.4404591,1.0939658,2023-07-27,16.49,overcast clouds,100,0.0
4,Rouen,49.4404591,1.0939658,2023-07-27,16.46,overcast clouds,100,0.0
4,Rouen,49.4404591,1.0939658,2023-07-27,19.03,overcast clouds,100,0.0
4,Rouen,49.4404591,1.0939658,2023-07-27,24.75,overcast clouds,91,0.0
4,Rouen,49.4404591,1.0939658,2023-07-27,25.93,overcast clouds,100,0.14
4,Rouen,49.4404591,1.0939658,2023-07-27,21.3,overcast clouds,100,0.16
4,Rouen,49.4404591,1.0939658,2023-07-27,18.78,light rain,100,0.39
4,Rouen,49.4404591,1.0939658,2023-07-28,17.87,light rain,99,0.31
4,Rouen,49.4404591,1.0939658,2023-07-28,18.16,light rain,100,0.34
4,Rouen,49.4404591,1.0939658,2023-07-28,18.0,light rain,100,0.38
4,Rouen,49.4404591,1.0939658,2023-07-28,20.65,light rain,90,0.64
4,Rouen,49.4404591,1.0939658,2023-07-28,23.42,light rain,90,0.53
5,Paris,48.8534951,2.3483915,2023-07-23,22.61,moderate rain,100,0.67
5,Paris,48.8534951,2.3483915,2023-07-23,22.37,light rain,99,0.67
5,Paris,48.8534951,2.3483915,2023-07-23,20.56,light rain,100,0.64
5,Paris,48.8534951,2.3483915,2023-07-24,18.74,overcast clouds,99,0.47
5,Paris,48.8534951,2.3483915,2023-07-24,17.48,light rain,98,0.83
5,Paris,48.8534951,2.3483915,2023-07-24,17.84,light rain,95,0.91
5,Paris,48.8534951,2.3483915,2023-07-24,20.9,scattered clouds,48,0.05
5,Paris,48.8534951,2.3483915,2023-07-24,23.06,broken clouds,67,0.03
5,Paris,48.8534951,2.3483915,2023-07-24,23.19,overcast clouds,87,0.03
5,Paris,48.8534951,2.3483915,2023-07-24,20.03,light rain,86,0.39
5,Paris,48.8534951,2.3483915,2023-07-24,17.86,light rain,98,0.96
5,Paris,48.8534951,2.3483915,2023-07-25,16.66,moderate rain,99,0.93
5,Paris,48.8534951,2.3483915,2023-07-25,15.23,moderate rain,99,0.77
5,Paris,48.8534951,2.3483915,2023-07-25,14.02,light rain,98,1.0
5,Paris,48.8534951,2.3483915,2023-07-25,14.23,light rain,99,0.6
5,Paris,48.8534951,2.3483915,2023-07-25,20.71,overcast clouds,90,0.44
5,Paris,48.8534951,2.3483915,2023-07-25,20.75,overcast clouds,93,0.11
5,Paris,48.8534951,2.3483915,2023-07-25,19.85,overcast clouds,91,0.1
5,Paris,48.8534951,2.3483915,2023-07-25,17.13,scattered clouds,44,0.05
5,Paris,48.8534951,2.3483915,2023-07-26,15.84,scattered clouds,46,0.03
5,Paris,48.8534951,2.3483915,2023-07-26,14.28,scattered clouds,42,0.0
5,Paris,48.8534951,2.3483915,2023-07-26,15.37,broken clouds,60,0.0
5,Paris,48.8534951,2.3483915,2023-07-26,19.1,overcast clouds,91,0.0
5,Paris,48.8534951,2.3483915,2023-07-26,19.34,overcast clouds,86,0.0
5,Paris,48.8534951,2.3483915,2023-07-26,21.13,overcast clouds,89,0.02
5,Paris,48.8534951,2.3483915,2023-07-26,20.76,overcast clouds,92,0.0
5,Paris,48.8534951,2.3483915,2023-07-26,18.95,overcast clouds,100,0.0
5,Paris,48.8534951,2.3483915,2023-07-27,18.4,overcast clouds,97,0.0
5,Paris,48.8534951,2.3483915,2023-07-27,18.18,overcast clouds,99,0.0
5,Paris,48.8534951,2.3483915,2023-07-27,17.58,overcast clouds,97,0.0
5,Paris,48.8534951,2.3483915,2023-07-27,22.45,broken clouds,74,0.0
5,Paris,48.8534951,2.3483915,2023-07-27,27.04,scattered clouds,41,0.0
5,Paris,48.8534951,2.3483915,2023-07-27,29.13,clear sky,0,0.0
5,Paris,48.8534951,2.3483915,2023-07-27,27.74,clear sky,4,0.0
5,Paris,48.8534951,2.3483915,2023-07-27,22.84,overcast clouds,100,0.0
5,Paris,48.8534951,2.3483915,2023-07-28,20.25,overcast clouds,91,0.0
5,Paris,48.8534951,2.3483915,2023-07-28,18.81,light rain,96,0.22
5,Paris,48.8534951,2.3483915,2023-07-28,18.06,light rain,98,0.69
5,Paris,48.8534951,2.3483915,2023-07-28,18.67,light rain,100,1.0
5,Paris,48.8534951,2.3483915,2023-07-28,19.93,light rain,99,1.0
6,Amiens,49.8941708,2.2956951,2023-07-23,19.87,light rain,100,1.0
6,Amiens,49.8941708,2.2956951,2023-07-23,19.29,moderate rain,100,1.0
6,Amiens,49.8941708,2.2956951,2023-07-23,18.21,moderate rain,100,1.0
6,Amiens,49.8941708,2.2956951,2023-07-24,17.19,moderate rain,100,1.0
6,Amiens,49.8941708,2.2956951,2023-07-24,16.12,light rain,89,0.77
6,Amiens,49.8941708,2.2956951,2023-07-24,16.04,light rain,62,0.86
6,Amiens,49.8941708,2.2956951,2023-07-24,19.22,light rain,54,0.32
6,Amiens,49.8941708,2.2956951,2023-07-24,20.46,light rain,63,0.49
6,Amiens,49.8941708,2.2956951,2023-07-24,19.96,light rain,86,0.76
6,Amiens,49.8941708,2.2956951,2023-07-24,19.61,light rain,56,0.74
6,Amiens,49.8941708,2.2956951,2023-07-24,13.6,few clouds,15,0.17
6,Amiens,49.8941708,2.2956951,2023-07-25,12.26,scattered clouds,33,0.13
6,Amiens,49.8941708,2.2956951,2023-07-25,13.15,overcast clouds,97,0.08
6,Amiens,49.8941708,2.2956951,2023-07-25,13.69,overcast clouds,99,0.28
6,Amiens,49.8941708,2.2956951,2023-07-25,18.16,overcast clouds,97,0.05
6,Amiens,49.8941708,2.2956951,2023-07-25,21.33,overcast clouds,90,0.03
6,Amiens,49.8941708,2.2956951,2023-07-25,21.18,broken clouds,60,0.0
6,Amiens,49.8941708,2.2956951,2023-07-25,18.94,scattered clouds,39,0.0
6,Amiens,49.8941708,2.2956951,2023-07-25,12.79,clear sky,1,0.0
6,Amiens,49.8941708,2.2956951,2023-07-26,11.42,clear sky,2,0.0
6,Amiens,49.8941708,2.2956951,2023-07-26,10.98,broken clouds,57,0.0
6,Amiens,49.8941708,2.2956951,2023-07-26,13.33,scattered clouds,47,0.0
6,Amiens,49.8941708,2.2956951,2023-07-26,19.38,broken clouds,56,0.0
6,Amiens,49.8941708,2.2956951,2023-07-26,21.03,broken clouds,58,0.0
6,Amiens,49.8941708,2.2956951,2023-07-26,21.92,overcast clouds,86,0.08
6,Amiens,49.8941708,2.2956951,2023-07-26,20.44,light rain,89,0.24
6,Amiens,49.8941708,2.2956951,2023-07-26,16.71,light rain,100,0.2
6,Amiens,49.8941708,2.2956951,2023-07-27,16.01,overcast clouds,100,0.0
6,Amiens,49.8941708,2.2956951,2023-07-27,16.42,overcast clouds,98,0.0
6,Amiens,49.8941708,2.2956951,2023-07-27,17.35,overcast clouds,99,0.0
6,Amiens,49.8941708,2.2956951,2023-07-27,20.4,overcast clouds,100,0.0
6,Amiens,49.8941708,2.2956951,2023-07-27,22.06,overcast clouds,97,0.0
6,Amiens,49.8941708,2.2956951,2023-07-27,23.84,overcast clouds,95,0.07
6,Amiens,49.8941708,2.2956951,2023-07-27,19.43,overcast clouds,98,0.23
6,Amiens,49.8941708,2.2956951,2023-07-27,18.55,overcast clouds,100,0.05
6,Amiens,49.8941708,2.2956951,2023-07-28,17.9,overcast clouds,98,0.0
6,Amiens,49.8941708,2.2956951,2023-07-28,17.21,light rain,100,0.27
6,Amiens,49.8941708,2.2956951,2023-07-28,18.33,light rain,100,0.23
6,Amiens,49.8941708,2.2956951,2023-07-28,20.71,light rain,100,0.72
6,Amiens,49.8941708,2.2956951,2023-07-28,21.43,light rain,95,0.92
7,Lille,50.6365654,3.0635282,2023-07-23,20.24,light rain,75,0.87
7,Lille,50.6365654,3.0635282,2023-07-23,19.53,light rain,83,0.87
7,Lille,50.6365654,3.0635282,2023-07-23,18.33,light rain,91,0.63
7,Lille,50.6365654,3.0635282,2023-07-24,16.96,moderate rain,100,0.79
7,Lille,50.6365654,3.0635282,2023-07-24,16.28,light rain,100,0.64
7,Lille,50.6365654,3.0635282,2023-07-24,16.71,light rain,88,0.64
7,Lille,50.6365654,3.0635282,2023-07-24,19.78,light rain,32,0.57
7,Lille,50.6365654,3.0635282,2023-07-24,21.4,light rain,48,0.62
7,Lille,50.6365654,3.0635282,2023-07-24,18.98,light rain,81,0.96
7,Lille,50.6365654,3.0635282,2023-07-24,17.82,light rain,73,0.92
7,Lille,50.6365654,3.0635282,2023-07-24,13.61,few clouds,19,0.0
7,Lille,50.6365654,3.0635282,2023-07-25,12.58,few clouds,18,0.0
7,Lille,50.6365654,3.0635282,2023-07-25,14.09,overcast clouds,87,0.0
7,Lille,50.6365654,3.0635282,2023-07-25,14.31,overcast clouds,88,0.0
7,Lille,50.6365654,3.0635282,2023-07-25,18.2,overcast clouds,98,0.0
7,Lille,50.6365654,3.0635282,2023-07-25,19.65,overcast clouds,99,0.0
7,Lille,50.6365654,3.0635282,2023-07-25,20.85,overcast clouds,96,0.0
7,Lille,50.6365654,3.0635282,2023-07-25,18.38,overcast clouds,87,0.0
7,Lille,50.6365654,3.0635282,2023-07-25,15.33,broken clouds,73,0.09
7,Lille,50.6365654,3.0635282,2023-07-26,12.54,broken clouds,59,0.06
7,Lille,50.6365654,3.0635282,2023-07-26,12.05,clear sky,10,0.02
7,Lille,50.6365654,3.0635282,2023-07-26,14.29,few clouds,15,0.0
7,Lille,50.6365654,3.0635282,2023-07-26,19.66,scattered clouds,49,0.0
7,Lille,50.6365654,3.0635282,2023-07-26,20.62,broken clouds,73,0.0
7,Lille,50.6365654,3.0635282,2023-07-26,21.56,overcast clouds,100,0.0
7,Lille,50.6365654,3.0635282,2023-07-26,21.55,overcast clouds,98,0.0
7,Lille,50.6365654,3.0635282,2023-07-26,17.78,overcast clouds,100,0.02
7,Lille,50.6365654,3.0635282,2023-07-27,17.38,overcast clouds,100,0.0
7,Lille,50.6365654,3.0635282,2023-07-27,16.99,light rain,100,0.23
7,Lille,50.6365654,3.0635282,2023-07-27,17.54,overcast clouds,100,0.08
7,Lille,50.6365654,3.0635282,2023-07-27,21.29,overcast clouds,100,0.0
7,Lille,50.6365654,3.0635282,2023-07-27,22.28,overcast clouds,100,0.0
7,Lille,50.6365654,3.0635282,2023-07-27,21.42,overcast clouds,100,0.22
7,Lille,50.6365654,3.0635282,2023-07-27,17.84,light rain,100,0.7
7,Lille,50.6365654,3.0635282,2023-07-27,18.16,light rain,99,0.4
7,Lille,50.6365654,3.0635282,2023-07-28,18.16,overcast clouds,98,0.04
7,Lille,50.6365654,3.0635282,2023-07-28,17.25,overcast clouds,97,0.0
7,Lille,50.6365654,3.0635282,2023-07-28,17.68,overcast clouds,98,0.0
7,Lille,50.6365654,3.0635282,2023-07-28,20.54,light rain,100,0.25
7,Lille,50.6365654,3.0635282,2023-07-28,24.02,light rain,96,0.55
8,Strasbourg,48.584614,7.7507127,2023-07-23,26.04,broken clouds,75,0.21
8,Strasbourg,48.584614,7.7507127,2023-07-23,25.42,broken clouds,83,0.12
8,Strasbourg,48.584614,7.7507127,2023-07-23,21.47,overcast clouds,91,0.12
8,Strasbourg,48.584614,7.7507127,2023-07-24,17.1,light rain,94,0.24
8,Strasbourg,48.584614,7.7507127,2023-07-24,16.0,light rain,96,0.23
8,Strasbourg,48.584614,7.7507127,2023-07-24,18.28,light rain,96,0.37
8,Strasbourg,48.584614,7.7507127,2023-07-24,19.2,light rain,100,0.99
8,Strasbourg,48.584614,7.7507127,2023-07-24,22.7,light rain,100,1.0
8,Strasbourg,48.584614,7.7507127,2023-07-24,22.37,light rain,97,0.79
8,Strasbourg,48.584614,7.7507127,2023-07-24,22.81,light rain,96,0.73
8,Strasbourg,48.584614,7.7507127,2023-07-24,17.98,overcast clouds,100,0.17
8,Strasbourg,48.584614,7.7507127,2023-07-25,15.68,light rain,100,0.21
8,Strasbourg,48.584614,7.7507127,2023-07-25,15.35,light rain,100,0.39
8,Strasbourg,48.584614,7.7507127,2023-07-25,16.61,light rain,100,0.77
8,Strasbourg,48.584614,7.7507127,2023-07-25,19.14,light rain,91,0.97
8,Strasbourg,48.584614,7.7507127,2023-07-25,17.15,light rain,90,0.97
8,Strasbourg,48.584614,7.7507127,2023-07-25,17.58,light rain,96,1.0
8,Strasbourg,48.584614,7.7507127,2023-07-25,15.41,light rain,98,1.0
8,Strasbourg,48.584614,7.7507127,2023-07-25,12.64,light rain,46,0.91
8,Strasbourg,48.584614,7.7507127,2023-07-26,11.43,light rain,50,0.63
8,Strasbourg,48.584614,7.7507127,2023-07-26,10.03,few clouds,11,0.0
8,Strasbourg,48.584614,7.7507127,2023-07-26,12.48,broken clouds,54,0.0
8,Strasbourg,48.584614,7.7507127,2023-07-26,15.83,light rain,99,0.68
8,Strasbourg,48.584614,7.7507127,2023-07-26,21.79,light rain,74,0.88
8,Strasbourg,48.584614,7.7507127,2023-07-26,21.5,overcast clouds,94,0.28
8,Strasbourg,48.584614,7.7507127,2023-07-26,19.62,overcast clouds,88,0.2
8,Strasbourg,48.584614,7.7507127,2023-07-26,17.23,broken clouds,81,0.0
8,Strasbourg,48.584614,7.7507127,2023-07-27,15.94,overcast clouds,91,0.0
8,Strasbourg,48.584614,7.7507127,2023-07-27,14.06,broken clouds,80,0.0
8,Strasbourg,48.584614,7.7507127,2023-07-27,17.0,overcast clouds,89,0.0
8,Strasbourg,48.584614,7.7507127,2023-07-27,23.04,broken clouds,68,0.0
8,Strasbourg,48.584614,7.7507127,2023-07-27,26.19,broken clouds,83,0.0
8,Strasbourg,48.584614,7.7507127,2023-07-27,27.85,overcast clouds,100,0.0
8,Strasbourg,48.584614,7.7507127,2023-07-27,27.49,broken clouds,71,0.0
8,Strasbourg,48.584614,7.7507127,2023-07-27,21.18,clear sky,7,0.0
8,Strasbourg,48.584614,7.7507127,2023-07-28,18.81,clear sky,7,0.0
8,Strasbourg,48.584614,7.7507127,2023-07-28,17.34,light rain,5,0.24
8,Strasbourg,48.584614,7.7507127,2023-07-28,19.67,few clouds,24,0.0
8,Strasbourg,48.584614,7.7507127,2023-07-28,24.85,light rain,100,0.36
8,Strasbourg,48.584614,7.7507127,2023-07-28,24.6,light rain,100,0.32
9,Chateau du Haut Koenigsbourg,48.2495226,7.3454923,2023-07-23,23.81,clear sky,0,0.11
9,Chateau du Haut Koenigsbourg,48.2495226,7.3454923,2023-07-23,22.55,scattered clouds,33,0.02
9,Chateau du Haut Koenigsbourg,48.2495226,7.3454923,2023-07-23,17.81,light rain,61,0.24
9,Chateau du Haut Koenigsbourg,48.2495226,7.3454923,2023-07-24,14.54,light rain,89,0.31
9,Chateau du Haut Koenigsbourg,48.2495226,7.3454923,2023-07-24,14.06,light rain,94,0.26
9,Chateau du Haut Koenigsbourg,48.2495226,7.3454923,2023-07-24,15.36,light rain,97,0.63
9,Chateau du Haut Koenigsbourg,48.2495226,7.3454923,2023-07-24,17.83,light rain,100,1.0
9,Chateau du Haut Koenigsbourg,48.2495226,7.3454923,2023-07-24,22.44,light rain,100,1.0
9,Chateau du Haut Koenigsbourg,48.2495226,7.3454923,2023-07-24,19.81,light rain,99,0.58
9,Chateau du Haut Koenigsbourg,48.2495226,7.3454923,2023-07-24,18.45,overcast clouds,100,0.64
9,Chateau du Haut Koenigsbourg,48.2495226,7.3454923,2023-07-24,13.76,overcast clouds,100,0.19
9,Chateau du Haut Koenigsbourg,48.2495226,7.3454923,2023-07-25,12.72,overcast clouds,100,0.23
9,Chateau du Haut Koenigsbourg,48.2495226,7.3454923,2023-07-25,12.21,overcast clouds,100,0.48
9,Chateau du Haut Koenigsbourg,48.2495226,7.3454923,2023-07-25,14.02,light rain,100,0.74
9,Chateau du Haut Koenigsbourg,48.2495226,7.3454923,2023-07-25,16.31,light rain,83,0.84
9,Chateau du Haut Koenigsbourg,48.2495226,7.3454923,2023-07-25,14.04,light rain,87,0.92
9,Chateau du Haut Koenigsbourg,48.2495226,7.3454923,2023-07-25,13.55,light rain,97,0.96
9,Chateau du Haut Koenigsbourg,48.2495226,7.3454923,2023-07-25,12.29,moderate rain,98,1.0
9,Chateau du Haut Koenigsbourg,48.2495226,7.3454923,2023-07-25,9.06,light rain,49,0.85
9,Chateau du Haut Koenigsbourg,48.2495226,7.3454923,2023-07-26,7.75,scattered clouds,38,0.6
9,Chateau du Haut Koenigsbourg,48.2495226,7.3454923,2023-07-26,6.99,clear sky,7,0.0
9,Chateau du Haut Koenigsbourg,48.2495226,7.3454923,2023-07-26,10.27,scattered clouds,48,0.0
9,Chateau du Haut Koenigsbourg,48.2495226,7.3454923,2023-07-26,13.93,light rain,94,0.77
9,Chateau du Haut Koenigsbourg,48.2495226,7.3454923,2023-07-26,19.44,light rain,77,0.9
9,Chateau du Haut Koenigsbourg,48.2495226,7.3454923,2023-07-26,18.34,overcast clouds,85,0.13
9,Chateau du Haut Koenigsbourg,48.2495226,7.3454923,2023-07-26,16.86,overcast clouds,88,0.03
9,Chateau du Haut Koenigsbourg,48.2495226,7.3454923,2023-07-26,13.66,broken clouds,83,0.0
9,Chateau du Haut Koenigsbourg,48.2495226,7.3454923,2023-07-27,11.12,overcast clouds,91,0.0
9,Chateau du Haut Koenigsbourg,48.2495226,7.3454923,2023-07-27,12.4,overcast clouds,89,0.0
9,Chateau du Haut Koenigsbourg,48.2495226,7.3454923,2023-07-27,14.69,overcast clouds,91,0.0
9,Chateau du Haut Koenigsbourg,48.2495226,7.3454923,2023-07-27,20.14,overcast clouds,95,0.0
9,Chateau du Haut Koenigsbourg,48.2495226,7.3454923,2023-07-27,23.53,overcast clouds,92,0.0
9,Chateau du Haut Koenigsbourg,48.2495226,7.3454923,2023-07-27,25.81,broken clouds,84,0.0
9,Chateau du Haut Koenigsbourg,48.2495226,7.3454923,2023-07-27,22.39,scattered clouds,44,0.0
9,Chateau du Haut Koenigsbourg,48.2495226,7.3454923,2023-07-27,16.72,clear sky,0,0.0
9,Chateau du Haut Koenigsbourg,48.2495226,7.3454923,2023-07-28,16.22,clear sky,0,0.0
9,Chateau du Haut Koenigsbourg,48.2495226,7.3454923,2023-07-28,14.21,light rain,1,0.24
9,Chateau du Haut Koenigsbourg,48.2495226,7.3454923,2023-07-28,16.4,light rain,25,0.2
9,Chateau du Haut Koenigsbourg,48.2495226,7.3454923,2023-07-28,20.94,light rain,100,0.25
9,Chateau du Haut Koenigsbourg,48.2495226,7.3454923,2023-07-28,19.86,light rain,100,0.37
10,Colmar,48.0777517,7.3579641,2023-07-23,27.2,clear sky,0,0.11
10,Colmar,48.0777517,7.3579641,2023-07-23,26.15,scattered clouds,33,0.02
10,Colmar,48.0777517,7.3579641,2023-07-23,21.38,light rain,63,0.24
10,Colmar,48.0777517,7.3579641,2023-07-24,18.22,light rain,93,0.31
10,Colmar,48.0777517,7.3579641,2023-07-24,17.83,overcast clouds,98,0.15
10,Colmar,48.0777517,7.3579641,2023-07-24,18.3,light rain,96,0.77
10,Colmar,48.0777517,7.3579641,2023-07-24,21.36,light rain,100,1.0
10,Colmar,48.0777517,7.3579641,2023-07-24,25.53,light rain,99,1.0
10,Colmar,48.0777517,7.3579641,2023-07-24,25.49,broken clouds,77,0.51
10,Colmar,48.0777517,7.3579641,2023-07-24,22.26,light rain,89,0.58
10,Colmar,48.0777517,7.3579641,2023-07-24,17.19,overcast clouds,100,0.25
10,Colmar,48.0777517,7.3579641,2023-07-25,16.24,overcast clouds,100,0.29
10,Colmar,48.0777517,7.3579641,2023-07-25,15.09,light rain,100,0.6
10,Colmar,48.0777517,7.3579641,2023-07-25,16.97,light rain,100,0.78
10,Colmar,48.0777517,7.3579641,2023-07-25,20.33,light rain,74,0.84
10,Colmar,48.0777517,7.3579641,2023-07-25,17.8,light rain,79,0.92
10,Colmar,48.0777517,7.3579641,2023-07-25,18.0,light rain,98,0.96
10,Colmar,48.0777517,7.3579641,2023-07-25,15.55,moderate rain,98,1.0
10,Colmar,48.0777517,7.3579641,2023-07-25,12.49,light rain,48,0.87
10,Colmar,48.0777517,7.3579641,2023-07-26,11.01,light rain,33,0.68
10,Colmar,48.0777517,7.3579641,2023-07-26,10.06,clear sky,5,0.0
10,Colmar,48.0777517,7.3579641,2023-07-26,13.6,scattered clouds,35,0.0
10,Colmar,48.0777517,7.3579641,2023-07-26,16.62,light rain,95,0.68
10,Colmar,48.0777517,7.3579641,2023-07-26,23.07,light rain,76,0.78
10,Colmar,48.0777517,7.3579641,2023-07-26,22.19,overcast clouds,91,0.12
10,Colmar,48.0777517,7.3579641,2023-07-26,20.14,overcast clouds,91,0.03
10,Colmar,48.0777517,7.3579641,2023-07-26,16.52,overcast clouds,88,0.0
10,Colmar,48.0777517,7.3579641,2023-07-27,14.02,overcast clouds,94,0.0
10,Colmar,48.0777517,7.3579641,2023-07-27,15.68,overcast clouds,89,0.06
10,Colmar,48.0777517,7.3579641,2023-07-27,17.69,overcast clouds,92,0.0
10,Colmar,48.0777517,7.3579641,2023-07-27,23.51,overcast clouds,97,0.0
10,Colmar,48.0777517,7.3579641,2023-07-27,27.51,broken clouds,80,0.0
10,Colmar,48.0777517,7.3579641,2023-07-27,29.14,scattered clouds,37,0.0
10,Colmar,48.0777517,7.3579641,2023-07-27,25.58,few clouds,19,0.0
10,Colmar,48.0777517,7.3579641,2023-07-27,19.99,clear sky,0,0.0
10,Colmar,48.0777517,7.3579641,2023-07-28,19.41,clear sky,0,0.0
10,Colmar,48.0777517,7.3579641,2023-07-28,17.86,light rain,0,0.24
10,Colmar,48.0777517,7.3579641,2023-07-28,19.34,light rain,26,0.2
10,Colmar,48.0777517,7.3579641,2023-07-28,25.01,light rain,100,0.23
10,Colmar,48.0777517,7.3579641,2023-07-28,22.09,light rain,100,0.44
11,Eguisheim,48.0447968,7.3079618,2023-07-23,27.2,clear sky,0,0.1
11,Eguisheim,48.0447968,7.3079618,2023-07-23,26.17,scattered clouds,33,0.01
11,Eguisheim,48.0447968,7.3079618,2023-07-23,21.57,light rain,65,0.24
11,Eguisheim,48.0447968,7.3079618,2023-07-24,18.78,light rain,96,0.3
11,Eguisheim,48.0447968,7.3079618,2023-07-24,18.31,overcast clouds,98,0.16
11,Eguisheim,48.0447968,7.3079618,2023-07-24,18.31,light rain,97,0.78
11,Eguisheim,48.0447968,7.3079618,2023-07-24,21.7,light rain,100,1.0
11,Eguisheim,48.0447968,7.3079618,2023-07-24,25.83,light rain,98,1.0
11,Eguisheim,48.0447968,7.3079618,2023-07-24,25.62,broken clouds,68,0.48
11,Eguisheim,48.0447968,7.3079618,2023-07-24,22.06,broken clouds,84,0.57
11,Eguisheim,48.0447968,7.3079618,2023-07-24,17.13,overcast clouds,100,0.24
11,Eguisheim,48.0447968,7.3079618,2023-07-25,16.49,overcast clouds,100,0.28
11,Eguisheim,48.0447968,7.3079618,2023-07-25,15.27,light rain,100,0.62
11,Eguisheim,48.0447968,7.3079618,2023-07-25,17.25,light rain,100,0.79
11,Eguisheim,48.0447968,7.3079618,2023-07-25,20.29,light rain,71,0.84
11,Eguisheim,48.0447968,7.3079618,2023-07-25,17.59,light rain,77,0.92
11,Eguisheim,48.0447968,7.3079618,2023-07-25,18.09,light rain,99,0.96
11,Eguisheim,48.0447968,7.3079618,2023-07-25,15.51,moderate rain,99,1.0
11,Eguisheim,48.0447968,7.3079618,2023-07-25,12.41,light rain,42,0.85
11,Eguisheim,48.0447968,7.3079618,2023-07-26,11.02,scattered clouds,28,0.66
11,Eguisheim,48.0447968,7.3079618,2023-07-26,10.16,clear sky,5,0.0
11,Eguisheim,48.0447968,7.3079618,2023-07-26,13.95,scattered clouds,32,0.0
11,Eguisheim,48.0447968,7.3079618,2023-07-26,16.55,light rain,94,0.68
11,Eguisheim,48.0447968,7.3079618,2023-07-26,23.11,light rain,72,0.77
11,Eguisheim,48.0447968,7.3079618,2023-07-26,22.31,overcast clouds,90,0.1
11,Eguisheim,48.0447968,7.3079618,2023-07-26,20.13,overcast clouds,89,0.02
11,Eguisheim,48.0447968,7.3079618,2023-07-26,16.19,overcast clouds,90,0.0
11,Eguisheim,48.0447968,7.3079618,2023-07-27,14.02,overcast clouds,95,0.0
11,Eguisheim,48.0447968,7.3079618,2023-07-27,15.85,overcast clouds,90,0.07
11,Eguisheim,48.0447968,7.3079618,2023-07-27,17.68,overcast clouds,94,0.0
11,Eguisheim,48.0447968,7.3079618,2023-07-27,23.64,overcast clouds,97,0.0
11,Eguisheim,48.0447968,7.3079618,2023-07-27,27.61,broken clouds,77,0.0
11,Eguisheim,48.0447968,7.3079618,2023-07-27,28.98,few clouds,21,0.0
11,Eguisheim,48.0447968,7.3079618,2023-07-27,25.32,few clouds,11,0.0
11,Eguisheim,48.0447968,7.3079618,2023-07-27,20.07,clear sky,0,0.0
11,Eguisheim,48.0447968,7.3079618,2023-07-28,19.78,clear sky,0,0.0
11,Eguisheim,48.0447968,7.3079618,2023-07-28,18.31,light rain,0,0.24
11,Eguisheim,48.0447968,7.3079618,2023-07-28,19.44,light rain,30,0.2
11,Eguisheim,48.0447968,7.3079618,2023-07-28,25.2,light rain,100,0.25
11,Eguisheim,48.0447968,7.3079618,2023-07-28,21.82,light rain,100,0.47
12,Besancon,47.2380222,6.0243622,2023-07-23,28.06,overcast clouds,92,0.0
12,Besancon,47.2380222,6.0243622,2023-07-23,27.18,overcast clouds,93,0.0
12,Besancon,47.2380222,6.0243622,2023-07-23,23.46,light rain,96,0.24
12,Besancon,47.2380222,6.0243622,2023-07-24,17.59,light rain,99,0.32
12,Besancon,47.2380222,6.0243622,2023-07-24,17.13,overcast clouds,93,0.22
12,Besancon,47.2380222,6.0243622,2023-07-24,18.9,light rain,96,0.57
12,Besancon,47.2380222,6.0243622,2023-07-24,18.65,light rain,100,0.88
12,Besancon,47.2380222,6.0243622,2023-07-24,20.24,light rain,96,0.97
12,Besancon,47.2380222,6.0243622,2023-07-24,21.17,light rain,83,0.91
12,Besancon,47.2380222,6.0243622,2023-07-24,19.6,light rain,92,1.0
12,Besancon,47.2380222,6.0243622,2023-07-24,16.55,light rain,100,0.5
12,Besancon,47.2380222,6.0243622,2023-07-25,16.18,light rain,99,0.62
12,Besancon,47.2380222,6.0243622,2023-07-25,15.11,light rain,100,0.8
12,Besancon,47.2380222,6.0243622,2023-07-25,14.93,light rain,95,0.92
12,Besancon,47.2380222,6.0243622,2023-07-25,16.48,light rain,67,0.76
12,Besancon,47.2380222,6.0243622,2023-07-25,14.8,light rain,83,0.96
12,Besancon,47.2380222,6.0243622,2023-07-25,15.96,light rain,89,1.0
12,Besancon,47.2380222,6.0243622,2023-07-25,15.23,moderate rain,78,1.0
12,Besancon,47.2380222,6.0243622,2023-07-25,11.91,light rain,13,0.78
12,Besancon,47.2380222,6.0243622,2023-07-26,11.92,scattered clouds,35,0.58
12,Besancon,47.2380222,6.0243622,2023-07-26,11.76,overcast clouds,90,0.0
12,Besancon,47.2380222,6.0243622,2023-07-26,13.15,broken clouds,83,0.04
12,Besancon,47.2380222,6.0243622,2023-07-26,19.53,scattered clouds,30,0.09
12,Besancon,47.2380222,6.0243622,2023-07-26,23.0,few clouds,21,0.25
12,Besancon,47.2380222,6.0243622,2023-07-26,21.69,overcast clouds,86,0.0
12,Besancon,47.2380222,6.0243622,2023-07-26,18.37,overcast clouds,93,0.0
12,Besancon,47.2380222,6.0243622,2023-07-26,16.14,overcast clouds,99,0.0
12,Besancon,47.2380222,6.0243622,2023-07-27,16.07,overcast clouds,100,0.0
12,Besancon,47.2380222,6.0243622,2023-07-27,14.32,broken clouds,70,0.0
12,Besancon,47.2380222,6.0243622,2023-07-27,17.11,scattered clouds,48,0.0
12,Besancon,47.2380222,6.0243622,2023-07-27,22.8,few clouds,24,0.0
12,Besancon,47.2380222,6.0243622,2023-07-27,26.49,few clouds,12,0.0
12,Besancon,47.2380222,6.0243622,2023-07-27,28.26,clear sky,0,0.0
12,Besancon,47.2380222,6.0243622,2023-07-27,24.37,clear sky,0,0.0
12,Besancon,47.2380222,6.0243622,2023-07-27,19.37,clear sky,0,0.0
12,Besancon,47.2380222,6.0243622,2023-07-28,16.72,light rain,0,0.28
12,Besancon,47.2380222,6.0243622,2023-07-28,15.75,scattered clouds,37,0.2
12,Besancon,47.2380222,6.0243622,2023-07-28,17.92,light rain,56,0.41
12,Besancon,47.2380222,6.0243622,2023-07-28,18.47,light rain,100,0.84
12,Besancon,47.2380222,6.0243622,2023-07-28,18.89,light rain,100,0.66
13,Dijon,47.3215806,5.0414701,2023-07-23,25.91,clear sky,0,0.0
13,Dijon,47.3215806,5.0414701,2023-07-23,26.04,scattered clouds,32,0.01
13,Dijon,47.3215806,5.0414701,2023-07-23,24.14,broken clouds,63,0.07
13,Dijon,47.3215806,5.0414701,2023-07-24,19.99,overcast clouds,95,0.05
13,Dijon,47.3215806,5.0414701,2023-07-24,18.64,overcast clouds,100,0.0
13,Dijon,47.3215806,5.0414701,2023-07-24,18.26,light rain,100,0.44
13,Dijon,47.3215806,5.0414701,2023-07-24,18.63,light rain,100,0.81
13,Dijon,47.3215806,5.0414701,2023-07-24,23.74,light rain,98,0.96
13,Dijon,47.3215806,5.0414701,2023-07-24,23.09,light rain,99,0.89
13,Dijon,47.3215806,5.0414701,2023-07-24,22.85,overcast clouds,100,0.76
13,Dijon,47.3215806,5.0414701,2023-07-24,18.25,overcast clouds,100,0.04
13,Dijon,47.3215806,5.0414701,2023-07-25,16.06,overcast clouds,89,0.06
13,Dijon,47.3215806,5.0414701,2023-07-25,14.6,overcast clouds,91,0.33
13,Dijon,47.3215806,5.0414701,2023-07-25,16.18,overcast clouds,92,0.22
13,Dijon,47.3215806,5.0414701,2023-07-25,15.57,light rain,100,0.63
13,Dijon,47.3215806,5.0414701,2023-07-25,16.52,light rain,100,0.86
13,Dijon,47.3215806,5.0414701,2023-07-25,18.56,light rain,98,0.92
13,Dijon,47.3215806,5.0414701,2023-07-25,17.44,light rain,73,0.93
13,Dijon,47.3215806,5.0414701,2023-07-25,12.94,few clouds,24,0.12
13,Dijon,47.3215806,5.0414701,2023-07-26,12.51,scattered clouds,45,0.04
13,Dijon,47.3215806,5.0414701,2023-07-26,12.69,broken clouds,63,0.01
13,Dijon,47.3215806,5.0414701,2023-07-26,14.74,broken clouds,75,0.0
13,Dijon,47.3215806,5.0414701,2023-07-26,20.09,scattered clouds,45,0.02
13,Dijon,47.3215806,5.0414701,2023-07-26,23.5,scattered clouds,50,0.01
13,Dijon,47.3215806,5.0414701,2023-07-26,21.32,overcast clouds,100,0.0
13,Dijon,47.3215806,5.0414701,2023-07-26,18.17,overcast clouds,98,0.0
13,Dijon,47.3215806,5.0414701,2023-07-26,16.75,overcast clouds,98,0.0
13,Dijon,47.3215806,5.0414701,2023-07-27,14.65,light rain,91,0.2
13,Dijon,47.3215806,5.0414701,2023-07-27,13.82,few clouds,22,0.0
13,Dijon,47.3215806,5.0414701,2023-07-27,16.62,scattered clouds,42,0.0
13,Dijon,47.3215806,5.0414701,2023-07-27,23.67,few clouds,11,0.0
13,Dijon,47.3215806,5.0414701,2023-07-27,28.12,clear sky,9,0.0
13,Dijon,47.3215806,5.0414701,2023-07-27,30.38,clear sky,0,0.0
13,Dijon,47.3215806,5.0414701,2023-07-27,27.88,clear sky,0,0.0
13,Dijon,47.3215806,5.0414701,2023-07-27,21.21,clear sky,0,0.0
13,Dijon,47.3215806,5.0414701,2023-07-28,19.11,clear sky,0,0.0
13,Dijon,47.3215806,5.0414701,2023-07-28,16.34,scattered clouds,34,0.03
13,Dijon,47.3215806,5.0414701,2023-07-28,17.95,light rain,67,0.27
13,Dijon,47.3215806,5.0414701,2023-07-28,20.61,light rain,100,0.68
13,Dijon,47.3215806,5.0414701,2023-07-28,18.61,light rain,100,0.43
14,Annecy,45.8992348,6.1288847,2023-07-23,32.96,clear sky,0,0.0
14,Annecy,45.8992348,6.1288847,2023-07-23,30.71,scattered clouds,33,0.0
14,Annecy,45.8992348,6.1288847,2023-07-23,24.49,broken clouds,61,0.24
14,Annecy,45.8992348,6.1288847,2023-07-24,18.36,light rain,76,0.2
14,Annecy,45.8992348,6.1288847,2023-07-24,16.93,light rain,100,1.0
14,Annecy,45.8992348,6.1288847,2023-07-24,17.6,light rain,100,1.0
14,Annecy,45.8992348,6.1288847,2023-07-24,20.19,light rain,100,0.72
14,Annecy,45.8992348,6.1288847,2023-07-24,26.79,broken clouds,78,0.76
14,Annecy,45.8992348,6.1288847,2023-07-24,23.67,light rain,77,0.99
14,Annecy,45.8992348,6.1288847,2023-07-24,21.23,moderate rain,75,1.0
14,Annecy,45.8992348,6.1288847,2023-07-24,18.06,moderate rain,98,0.96
14,Annecy,45.8992348,6.1288847,2023-07-25,16.63,moderate rain,99,0.98
14,Annecy,45.8992348,6.1288847,2023-07-25,15.48,light rain,100,0.98
14,Annecy,45.8992348,6.1288847,2023-07-25,15.54,light rain,100,1.0
14,Annecy,45.8992348,6.1288847,2023-07-25,18.12,light rain,33,0.97
14,Annecy,45.8992348,6.1288847,2023-07-25,18.41,light rain,25,0.99
14,Annecy,45.8992348,6.1288847,2023-07-25,19.47,light rain,22,0.93
14,Annecy,45.8992348,6.1288847,2023-07-25,16.02,light rain,42,0.95
14,Annecy,45.8992348,6.1288847,2023-07-25,12.09,light rain,47,0.92
14,Annecy,45.8992348,6.1288847,2023-07-26,11.03,light rain,31,0.74
14,Annecy,45.8992348,6.1288847,2023-07-26,10.22,clear sky,9,0.01
14,Annecy,45.8992348,6.1288847,2023-07-26,12.61,clear sky,10,0.01
14,Annecy,45.8992348,6.1288847,2023-07-26,19.17,clear sky,8,0.0
14,Annecy,45.8992348,6.1288847,2023-07-26,23.34,clear sky,10,0.0
14,Annecy,45.8992348,6.1288847,2023-07-26,23.81,overcast clouds,93,0.0
14,Annecy,45.8992348,6.1288847,2023-07-26,18.69,overcast clouds,96,0.0
14,Annecy,45.8992348,6.1288847,2023-07-26,13.86,broken clouds,54,0.0
14,Annecy,45.8992348,6.1288847,2023-07-27,14.31,broken clouds,65,0.0
14,Annecy,45.8992348,6.1288847,2023-07-27,13.08,broken clouds,53,0.0
14,Annecy,45.8992348,6.1288847,2023-07-27,16.07,scattered clouds,35,0.0
14,Annecy,45.8992348,6.1288847,2023-07-27,23.37,clear sky,2,0.0
14,Annecy,45.8992348,6.1288847,2023-07-27,27.34,clear sky,1,0.0
14,Annecy,45.8992348,6.1288847,2023-07-27,28.57,clear sky,0,0.0
14,Annecy,45.8992348,6.1288847,2023-07-27,24.37,clear sky,0,0.0
14,Annecy,45.8992348,6.1288847,2023-07-27,19.27,clear sky,0,0.0
14,Annecy,45.8992348,6.1288847,2023-07-28,17.42,scattered clouds,48,0.04
14,Annecy,45.8992348,6.1288847,2023-07-28,16.22,broken clouds,80,0.12
14,Annecy,45.8992348,6.1288847,2023-07-28,18.98,broken clouds,76,0.16
14,Annecy,45.8992348,6.1288847,2023-07-28,23.6,overcast clouds,100,0.1
14,Annecy,45.8992348,6.1288847,2023-07-28,23.68,light rain,100,0.67
15,Grenoble,45.1875602,5.7357819,2023-07-23,33.68,few clouds,14,0.0
15,Grenoble,45.1875602,5.7357819,2023-07-23,31.94,few clouds,12,0.0
15,Grenoble,45.1875602,5.7357819,2023-07-23,25.83,clear sky,9,0.04
15,Grenoble,45.1875602,5.7357819,2023-07-24,21.06,few clouds,20,0.14
15,Grenoble,45.1875602,5.7357819,2023-07-24,18.37,light rain,98,0.98
15,Grenoble,45.1875602,5.7357819,2023-07-24,20.32,light rain,91,0.93
15,Grenoble,45.1875602,5.7357819,2023-07-24,25.44,light rain,98,0.98
15,Grenoble,45.1875602,5.7357819,2023-07-24,31.02,light rain,71,0.9
15,Grenoble,45.1875602,5.7357819,2023-07-24,30.21,light rain,78,0.63
15,Grenoble,45.1875602,5.7357819,2023-07-24,23.76,light rain,87,0.93
15,Grenoble,45.1875602,5.7357819,2023-07-24,19.32,moderate rain,96,1.0
15,Grenoble,45.1875602,5.7357819,2023-07-25,19.28,moderate rain,98,1.0
15,Grenoble,45.1875602,5.7357819,2023-07-25,18.05,moderate rain,100,1.0
15,Grenoble,45.1875602,5.7357819,2023-07-25,17.54,light rain,100,1.0
15,Grenoble,45.1875602,5.7357819,2023-07-25,20.36,light rain,56,0.63
15,Grenoble,45.1875602,5.7357819,2023-07-25,21.56,light rain,34,0.59
15,Grenoble,45.1875602,5.7357819,2023-07-25,23.44,light rain,43,0.4
15,Grenoble,45.1875602,5.7357819,2023-07-25,19.06,light rain,56,0.32
15,Grenoble,45.1875602,5.7357819,2023-07-25,14.42,light rain,45,0.59
15,Grenoble,45.1875602,5.7357819,2023-07-26,13.07,light rain,34,0.47
15,Grenoble,45.1875602,5.7357819,2023-07-26,12.43,few clouds,18,0.0
15,Grenoble,45.1875602,5.7357819,2023-07-26,14.73,scattered clouds,25,0.0
15,Grenoble,45.1875602,5.7357819,2023-07-26,20.75,scattered clouds,39,0.0
15,Grenoble,45.1875602,5.7357819,2023-07-26,24.26,scattered clouds,38,0.0
15,Grenoble,45.1875602,5.7357819,2023-07-26,25.17,broken clouds,73,0.0
15,Grenoble,45.1875602,5.7357819,2023-07-26,20.62,broken clouds,83,0.0
15,Grenoble,45.1875602,5.7357819,2023-07-26,15.24,scattered clouds,41,0.0
15,Grenoble,45.1875602,5.7357819,2023-07-27,14.26,few clouds,24,0.0
15,Grenoble,45.1875602,5.7357819,2023-07-27,13.82,clear sky,0,0.0
15,Grenoble,45.1875602,5.7357819,2023-07-27,17.5,clear sky,0,0.0
15,Grenoble,45.1875602,5.7357819,2023-07-27,25.51,clear sky,0,0.0
15,Grenoble,45.1875602,5.7357819,2023-07-27,30.92,clear sky,0,0.0
15,Grenoble,45.1875602,5.7357819,2023-07-27,32.07,clear sky,0,0.0
15,Grenoble,45.1875602,5.7357819,2023-07-27,26.8,clear sky,0,0.0
15,Grenoble,45.1875602,5.7357819,2023-07-27,20.13,clear sky,5,0.0
15,Grenoble,45.1875602,5.7357819,2023-07-28,18.32,scattered clouds,40,0.14
15,Grenoble,45.1875602,5.7357819,2023-07-28,17.16,broken clouds,54,0.0
15,Grenoble,45.1875602,5.7357819,2023-07-28,20.87,broken clouds,74,0.0
15,Grenoble,45.1875602,5.7357819,2023-07-28,25.97,overcast clouds,100,0.0
15,Grenoble,45.1875602,5.7357819,2023-07-28,24.38,light rain,100,0.65
16,Lyon,45.7578137,4.8320114,2023-07-23,34.87,clear sky,0,0.0
16,Lyon,45.7578137,4.8320114,2023-07-23,33.85,scattered clouds,32,0.0
16,Lyon,45.7578137,4.8320114,2023-07-23,28.01,light rain,66,0.37
16,Lyon,45.7578137,4.8320114,2023-07-24,22.56,light rain,86,0.79
16,Lyon,45.7578137,4.8320114,2023-07-24,19.85,light rain,100,1.0
16,Lyon,45.7578137,4.8320114,2023-07-24,19.73,light rain,100,1.0
16,Lyon,45.7578137,4.8320114,2023-07-24,23.81,light rain,78,0.95
16,Lyon,45.7578137,4.8320114,2023-07-24,24.89,light rain,84,1.0
16,Lyon,45.7578137,4.8320114,2023-07-24,27.41,light rain,100,0.67
16,Lyon,45.7578137,4.8320114,2023-07-24,25.13,light rain,100,0.73
16,Lyon,45.7578137,4.8320114,2023-07-24,19.77,light rain,100,0.77
16,Lyon,45.7578137,4.8320114,2023-07-25,18.24,light rain,100,0.75
16,Lyon,45.7578137,4.8320114,2023-07-25,17.44,light rain,99,0.41
16,Lyon,45.7578137,4.8320114,2023-07-25,17.38,light rain,84,0.46
16,Lyon,45.7578137,4.8320114,2023-07-25,20.77,light rain,44,0.39
16,Lyon,45.7578137,4.8320114,2023-07-25,25.19,light rain,40,0.39
16,Lyon,45.7578137,4.8320114,2023-07-25,24.35,few clouds,14,0.06
16,Lyon,45.7578137,4.8320114,2023-07-25,20.82,few clouds,16,0.19
16,Lyon,45.7578137,4.8320114,2023-07-25,15.13,light rain,48,0.76
16,Lyon,45.7578137,4.8320114,2023-07-26,14.32,scattered clouds,29,0.69
16,Lyon,45.7578137,4.8320114,2023-07-26,13.69,scattered clouds,33,0.0
16,Lyon,45.7578137,4.8320114,2023-07-26,14.93,scattered clouds,26,0.0
16,Lyon,45.7578137,4.8320114,2023-07-26,20.7,few clouds,14,0.0
16,Lyon,45.7578137,4.8320114,2023-07-26,24.87,scattered clouds,26,0.0
16,Lyon,45.7578137,4.8320114,2023-07-26,22.04,overcast clouds,100,0.0
16,Lyon,45.7578137,4.8320114,2023-07-26,21.21,overcast clouds,100,0.0
16,Lyon,45.7578137,4.8320114,2023-07-26,18.2,broken clouds,76,0.0
16,Lyon,45.7578137,4.8320114,2023-07-27,17.09,broken clouds,63,0.0
16,Lyon,45.7578137,4.8320114,2023-07-27,15.82,clear sky,2,0.0
16,Lyon,45.7578137,4.8320114,2023-07-27,17.77,clear sky,1,0.0
16,Lyon,45.7578137,4.8320114,2023-07-27,23.91,clear sky,0,0.0
16,Lyon,45.7578137,4.8320114,2023-07-27,29.36,clear sky,0,0.0
16,Lyon,45.7578137,4.8320114,2023-07-27,32.71,clear sky,0,0.0
16,Lyon,45.7578137,4.8320114,2023-07-27,30.78,clear sky,0,0.0
16,Lyon,45.7578137,4.8320114,2023-07-27,25.4,scattered clouds,33,0.0
16,Lyon,45.7578137,4.8320114,2023-07-28,20.34,light rain,58,0.48
16,Lyon,45.7578137,4.8320114,2023-07-28,19.48,light rain,87,0.42
16,Lyon,45.7578137,4.8320114,2023-07-28,19.81,light rain,92,0.43
16,Lyon,45.7578137,4.8320114,2023-07-28,21.87,light rain,100,0.63
16,Lyon,45.7578137,4.8320114,2023-07-28,21.36,light rain,100,1.0
17,Bormes les Mimosas,43.1506968,6.3419285,2023-07-23,30.31,clear sky,0,0.0
17,Bormes les Mimosas,43.1506968,6.3419285,2023-07-23,29.07,clear sky,0,0.0
17,Bormes les Mimosas,43.1506968,6.3419285,2023-07-23,25.82,clear sky,1,0.0
17,Bormes les Mimosas,43.1506968,6.3419285,2023-07-24,23.33,scattered clouds,26,0.0
17,Bormes les Mimosas,43.1506968,6.3419285,2023-07-24,22.13,light rain,33,0.36
17,Bormes les Mimosas,43.1506968,6.3419285,2023-07-24,23.45,broken clouds,61,0.08
17,Bormes les Mimosas,43.1506968,6.3419285,2023-07-24,26.34,broken clouds,83,0.33
17,Bormes les Mimosas,43.1506968,6.3419285,2023-07-24,27.9,overcast clouds,91,0.37
17,Bormes les Mimosas,43.1506968,6.3419285,2023-07-24,28.64,overcast clouds,86,0.0
17,Bormes les Mimosas,43.1506968,6.3419285,2023-07-24,27.2,broken clouds,79,0.0
17,Bormes les Mimosas,43.1506968,6.3419285,2023-07-24,24.28,broken clouds,82,0.0
17,Bormes les Mimosas,43.1506968,6.3419285,2023-07-25,24.49,overcast clouds,91,0.0
17,Bormes les Mimosas,43.1506968,6.3419285,2023-07-25,23.54,broken clouds,53,0.05
17,Bormes les Mimosas,43.1506968,6.3419285,2023-07-25,24.5,light rain,68,0.25
17,Bormes les Mimosas,43.1506968,6.3419285,2023-07-25,26.98,clear sky,0,0.0
17,Bormes les Mimosas,43.1506968,6.3419285,2023-07-25,27.79,few clouds,22,0.0
17,Bormes les Mimosas,43.1506968,6.3419285,2023-07-25,27.81,scattered clouds,47,0.0
17,Bormes les Mimosas,43.1506968,6.3419285,2023-07-25,26.62,scattered clouds,46,0.0
17,Bormes les Mimosas,43.1506968,6.3419285,2023-07-25,23.51,clear sky,1,0.0
17,Bormes les Mimosas,43.1506968,6.3419285,2023-07-26,21.63,scattered clouds,31,0.0
17,Bormes les Mimosas,43.1506968,6.3419285,2023-07-26,20.31,clear sky,0,0.0
17,Bormes les Mimosas,43.1506968,6.3419285,2023-07-26,20.4,few clouds,19,0.0
17,Bormes les Mimosas,43.1506968,6.3419285,2023-07-26,24.83,broken clouds,58,0.0
17,Bormes les Mimosas,43.1506968,6.3419285,2023-07-26,28.63,scattered clouds,33,0.0
17,Bormes les Mimosas,43.1506968,6.3419285,2023-07-26,29.22,few clouds,24,0.0
17,Bormes les Mimosas,43.1506968,6.3419285,2023-07-26,27.62,few clouds,12,0.0
17,Bormes les Mimosas,43.1506968,6.3419285,2023-07-26,24.53,clear sky,0,0.0
17,Bormes les Mimosas,43.1506968,6.3419285,2023-07-27,22.04,clear sky,0,0.0
17,Bormes les Mimosas,43.1506968,6.3419285,2023-07-27,19.61,clear sky,0,0.0
17,Bormes les Mimosas,43.1506968,6.3419285,2023-07-27,21.35,clear sky,0,0.0
17,Bormes les Mimosas,43.1506968,6.3419285,2023-07-27,26.26,clear sky,0,0.0
17,Bormes les Mimosas,43.1506968,6.3419285,2023-07-27,26.65,clear sky,0,0.0
17,Bormes les Mimosas,43.1506968,6.3419285,2023-07-27,26.53,clear sky,0,0.0
17,Bormes les Mimosas,43.1506968,6.3419285,2023-07-27,24.71,clear sky,6,0.0
17,Bormes les Mimosas,43.1506968,6.3419285,2023-07-27,21.98,scattered clouds,35,0.0
17,Bormes les Mimosas,43.1506968,6.3419285,2023-07-28,21.63,scattered clouds,43,0.0
17,Bormes les Mimosas,43.1506968,6.3419285,2023-07-28,21.42,broken clouds,55,0.0
17,Bormes les Mimosas,43.1506968,6.3419285,2023-07-28,22.82,broken clouds,64,0.0
17,Bormes les Mimosas,43.1506968,6.3419285,2023-07-28,26.01,scattered clouds,43,0.0
17,Bormes les Mimosas,43.1506968,6.3419285,2023-07-28,26.94,scattered clouds,49,0.0
18,Cassis,43.2140359,5.5396318,2023-07-23,29.86,clear sky,0,0.0
18,Cassis,43.2140359,5.5396318,2023-07-23,28.96,clear sky,1,0.0
18,Cassis,43.2140359,5.5396318,2023-07-23,27.42,clear sky,1,0.0
18,Cassis,43.2140359,5.5396318,2023-07-24,25.06,light rain,34,0.2
18,Cassis,43.2140359,5.5396318,2023-07-24,24.67,scattered clouds,30,0.01
18,Cassis,43.2140359,5.5396318,2023-07-24,25.49,broken clouds,64,0.01
18,Cassis,43.2140359,5.5396318,2023-07-24,23.99,light rain,98,0.54
18,Cassis,43.2140359,5.5396318,2023-07-24,29.84,broken clouds,77,0.54
18,Cassis,43.2140359,5.5396318,2023-07-24,28.75,scattered clouds,44,0.0
18,Cassis,43.2140359,5.5396318,2023-07-24,27.01,scattered clouds,44,0.0
18,Cassis,43.2140359,5.5396318,2023-07-24,26.2,scattered clouds,34,0.0
18,Cassis,43.2140359,5.5396318,2023-07-25,25.87,broken clouds,62,0.0
18,Cassis,43.2140359,5.5396318,2023-07-25,24.21,overcast clouds,95,0.04
18,Cassis,43.2140359,5.5396318,2023-07-25,23.59,light rain,81,0.21
18,Cassis,43.2140359,5.5396318,2023-07-25,25.07,clear sky,7,0.0
18,Cassis,43.2140359,5.5396318,2023-07-25,26.89,few clouds,17,0.0
18,Cassis,43.2140359,5.5396318,2023-07-25,27.57,few clouds,22,0.0
18,Cassis,43.2140359,5.5396318,2023-07-25,26.83,few clouds,15,0.0
18,Cassis,43.2140359,5.5396318,2023-07-25,24.05,clear sky,1,0.0
18,Cassis,43.2140359,5.5396318,2023-07-26,21.71,few clouds,21,0.0
18,Cassis,43.2140359,5.5396318,2023-07-26,20.43,clear sky,0,0.0
18,Cassis,43.2140359,5.5396318,2023-07-26,20.25,scattered clouds,33,0.0
18,Cassis,43.2140359,5.5396318,2023-07-26,23.43,scattered clouds,40,0.0
18,Cassis,43.2140359,5.5396318,2023-07-26,27.08,scattered clouds,35,0.0
18,Cassis,43.2140359,5.5396318,2023-07-26,28.38,clear sky,10,0.0
18,Cassis,43.2140359,5.5396318,2023-07-26,28.12,clear sky,5,0.0
18,Cassis,43.2140359,5.5396318,2023-07-26,25.03,clear sky,0,0.0
18,Cassis,43.2140359,5.5396318,2023-07-27,23.52,clear sky,0,0.0
18,Cassis,43.2140359,5.5396318,2023-07-27,22.38,clear sky,0,0.0
18,Cassis,43.2140359,5.5396318,2023-07-27,22.68,clear sky,0,0.0
18,Cassis,43.2140359,5.5396318,2023-07-27,26.33,clear sky,0,0.0
18,Cassis,43.2140359,5.5396318,2023-07-27,27.02,clear sky,0,0.0
18,Cassis,43.2140359,5.5396318,2023-07-27,26.46,clear sky,0,0.0
18,Cassis,43.2140359,5.5396318,2023-07-27,25.45,clear sky,2,0.0
18,Cassis,43.2140359,5.5396318,2023-07-27,24.54,broken clouds,59,0.0
18,Cassis,43.2140359,5.5396318,2023-07-28,24.41,broken clouds,78,0.0
18,Cassis,43.2140359,5.5396318,2023-07-28,23.71,light rain,35,0.39
18,Cassis,43.2140359,5.5396318,2023-07-28,23.85,light rain,63,0.34
18,Cassis,43.2140359,5.5396318,2023-07-28,25.1,light rain,42,0.2
18,Cassis,43.2140359,5.5396318,2023-07-28,26.14,broken clouds,53,0.0
19,Marseille,43.2961743,5.3699525,2023-07-23,30.98,clear sky,0,0.0
19,Marseille,43.2961743,5.3699525,2023-07-23,29.66,clear sky,1,0.0
19,Marseille,43.2961743,5.3699525,2023-07-23,28.03,clear sky,1,0.0
19,Marseille,43.2961743,5.3699525,2023-07-24,25.47,light rain,33,0.23
19,Marseille,43.2961743,5.3699525,2023-07-24,25.06,scattered clouds,38,0.0
19,Marseille,43.2961743,5.3699525,2023-07-24,25.48,broken clouds,64,0.0
19,Marseille,43.2961743,5.3699525,2023-07-24,23.68,light rain,100,0.58
19,Marseille,43.2961743,5.3699525,2023-07-24,29.13,broken clouds,72,0.55
19,Marseille,43.2961743,5.3699525,2023-07-24,28.19,scattered clouds,35,0.0
19,Marseille,43.2961743,5.3699525,2023-07-24,26.8,scattered clouds,25,0.0
19,Marseille,43.2961743,5.3699525,2023-07-24,26.58,few clouds,14,0.0
19,Marseille,43.2961743,5.3699525,2023-07-25,25.93,broken clouds,55,0.0
19,Marseille,43.2961743,5.3699525,2023-07-25,24.04,overcast clouds,99,0.07
19,Marseille,43.2961743,5.3699525,2023-07-25,23.21,broken clouds,83,0.04
19,Marseille,43.2961743,5.3699525,2023-07-25,24.95,clear sky,6,0.0
19,Marseille,43.2961743,5.3699525,2023-07-25,26.91,few clouds,19,0.0
19,Marseille,43.2961743,5.3699525,2023-07-25,27.65,scattered clouds,27,0.0
19,Marseille,43.2961743,5.3699525,2023-07-25,26.81,few clouds,20,0.0
19,Marseille,43.2961743,5.3699525,2023-07-25,24.14,clear sky,2,0.0
19,Marseille,43.2961743,5.3699525,2023-07-26,21.81,few clouds,11,0.0
19,Marseille,43.2961743,5.3699525,2023-07-26,20.57,clear sky,0,0.0
19,Marseille,43.2961743,5.3699525,2023-07-26,20.19,scattered clouds,29,0.0
19,Marseille,43.2961743,5.3699525,2023-07-26,23.56,scattered clouds,33,0.0
19,Marseille,43.2961743,5.3699525,2023-07-26,26.92,scattered clouds,33,0.0
19,Marseille,43.2961743,5.3699525,2023-07-26,28.3,clear sky,7,0.0
19,Marseille,43.2961743,5.3699525,2023-07-26,28.29,clear sky,3,0.0
19,Marseille,43.2961743,5.3699525,2023-07-26,25.05,clear sky,0,0.0
19,Marseille,43.2961743,5.3699525,2023-07-27,23.7,clear sky,0,0.0
19,Marseille,43.2961743,5.3699525,2023-07-27,22.47,clear sky,0,0.0
19,Marseille,43.2961743,5.3699525,2023-07-27,22.28,clear sky,0,0.0
19,Marseille,43.2961743,5.3699525,2023-07-27,25.74,clear sky,0,0.0
19,Marseille,43.2961743,5.3699525,2023-07-27,26.9,clear sky,0,0.0
19,Marseille,43.2961743,5.3699525,2023-07-27,26.54,clear sky,0,0.0
19,Marseille,43.2961743,5.3699525,2023-07-27,25.54,clear sky,0,0.0
19,Marseille,43.2961743,5.3699525,2023-07-27,24.84,broken clouds,66,0.0
19,Marseille,43.2961743,5.3699525,2023-07-28,24.58,broken clouds,76,0.0
19,Marseille,43.2961743,5.3699525,2023-07-28,24.09,light rain,43,0.25
19,Marseille,43.2961743,5.3699525,2023-07-28,23.64,light rain,67,0.21
19,Marseille,43.2961743,5.3699525,2023-07-28,24.86,light rain,35,0.21
19,Marseille,43.2961743,5.3699525,2023-07-28,25.85,broken clouds,54,0.01
20,Aix en Provence,43.5298424,5.4474738,2023-07-23,29.81,clear sky,2,0.0
20,Aix en Provence,43.5298424,5.4474738,2023-07-23,29.56,clear sky,2,0.0
20,Aix en Provence,43.5298424,5.4474738,2023-07-23,27.8,clear sky,1,0.0
20,Aix en Provence,43.5298424,5.4474738,2023-07-24,24.46,light rain,24,0.35
20,Aix en Provence,43.5298424,5.4474738,2023-07-24,23.03,scattered clouds,33,0.0
20,Aix en Provence,43.5298424,5.4474738,2023-07-24,23.58,scattered clouds,41,0.0
20,Aix en Provence,43.5298424,5.4474738,2023-07-24,21.49,moderate rain,100,0.67
20,Aix en Provence,43.5298424,5.4474738,2023-07-24,30.83,broken clouds,82,0.62
20,Aix en Provence,43.5298424,5.4474738,2023-07-24,32.11,broken clouds,53,0.0
20,Aix en Provence,43.5298424,5.4474738,2023-07-24,28.37,scattered clouds,29,0.0
20,Aix en Provence,43.5298424,5.4474738,2023-07-24,26.31,clear sky,5,0.02
20,Aix en Provence,43.5298424,5.4474738,2023-07-25,24.61,scattered clouds,50,0.01
20,Aix en Provence,43.5298424,5.4474738,2023-07-25,22.79,overcast clouds,96,0.06
20,Aix en Provence,43.5298424,5.4474738,2023-07-25,22.19,broken clouds,81,0.05
20,Aix en Provence,43.5298424,5.4474738,2023-07-25,24.97,clear sky,2,0.0
20,Aix en Provence,43.5298424,5.4474738,2023-07-25,27.74,scattered clouds,31,0.0
20,Aix en Provence,43.5298424,5.4474738,2023-07-25,29.05,broken clouds,70,0.0
20,Aix en Provence,43.5298424,5.4474738,2023-07-25,26.49,scattered clouds,48,0.0
20,Aix en Provence,43.5298424,5.4474738,2023-07-25,21.96,clear sky,0,0.0
20,Aix en Provence,43.5298424,5.4474738,2023-07-26,19.25,clear sky,1,0.0
20,Aix en Provence,43.5298424,5.4474738,2023-07-26,18.12,clear sky,0,0.0
20,Aix en Provence,43.5298424,5.4474738,2023-07-26,18.01,few clouds,16,0.0
20,Aix en Provence,43.5298424,5.4474738,2023-07-26,23.25,scattered clouds,25,0.0
20,Aix en Provence,43.5298424,5.4474738,2023-07-26,27.81,few clouds,21,0.0
20,Aix en Provence,43.5298424,5.4474738,2023-07-26,29.13,few clouds,14,0.0
20,Aix en Provence,43.5298424,5.4474738,2023-07-26,27.1,clear sky,7,0.0
20,Aix en Provence,43.5298424,5.4474738,2023-07-26,22.92,clear sky,0,0.0
20,Aix en Provence,43.5298424,5.4474738,2023-07-27,20.96,clear sky,0,0.0
20,Aix en Provence,43.5298424,5.4474738,2023-07-27,19.26,clear sky,0,0.0
20,Aix en Provence,43.5298424,5.4474738,2023-07-27,19.98,clear sky,0,0.0
20,Aix en Provence,43.5298424,5.4474738,2023-07-27,26.74,clear sky,0,0.0
20,Aix en Provence,43.5298424,5.4474738,2023-07-27,30.34,clear sky,0,0.0
20,Aix en Provence,43.5298424,5.4474738,2023-07-27,29.39,clear sky,0,0.0
20,Aix en Provence,43.5298424,5.4474738,2023-07-27,26.32,clear sky,0,0.0
20,Aix en Provence,43.5298424,5.4474738,2023-07-27,23.85,light rain,65,0.2
20,Aix en Provence,43.5298424,5.4474738,2023-07-28,22.9,broken clouds,78,0.0
20,Aix en Provence,43.5298424,5.4474738,2023-07-28,22.68,light rain,93,0.22
20,Aix en Provence,43.5298424,5.4474738,2023-07-28,22.29,light rain,94,0.39
20,Aix en Provence,43.5298424,5.4474738,2023-07-28,25.94,light rain,77,0.24
20,Aix en Provence,43.5298424,5.4474738,2023-07-28,28.59,overcast clouds,88,0.08
21,Avignon,43.9492493,4.8059012,2023-07-23,32.8,clear sky,0,0.0
21,Avignon,43.9492493,4.8059012,2023-07-23,31.85,clear sky,6,0.0
21,Avignon,43.9492493,4.8059012,2023-07-23,27.05,clear sky,3,0.06
21,Avignon,43.9492493,4.8059012,2023-07-24,22.32,light rain,34,0.27
21,Avignon,43.9492493,4.8059012,2023-07-24,20.79,few clouds,19,0.03
21,Avignon,43.9492493,4.8059012,2023-07-24,22.82,scattered clouds,37,0.0
21,Avignon,43.9492493,4.8059012,2023-07-24,27.0,overcast clouds,100,0.34
21,Avignon,43.9492493,4.8059012,2023-07-24,33.01,broken clouds,59,0.29
21,Avignon,43.9492493,4.8059012,2023-07-24,33.17,clear sky,10,0.02
21,Avignon,43.9492493,4.8059012,2023-07-24,30.43,scattered clouds,25,0.1
21,Avignon,43.9492493,4.8059012,2023-07-24,23.67,light rain,9,0.4
21,Avignon,43.9492493,4.8059012,2023-07-25,22.47,broken clouds,55,0.35
21,Avignon,43.9492493,4.8059012,2023-07-25,20.82,light rain,100,0.34
21,Avignon,43.9492493,4.8059012,2023-07-25,20.95,broken clouds,81,0.13
21,Avignon,43.9492493,4.8059012,2023-07-25,25.75,clear sky,1,0.0
21,Avignon,43.9492493,4.8059012,2023-07-25,29.14,few clouds,21,0.0
21,Avignon,43.9492493,4.8059012,2023-07-25,30.62,overcast clouds,93,0.0
21,Avignon,43.9492493,4.8059012,2023-07-25,27.16,broken clouds,63,0.0
21,Avignon,43.9492493,4.8059012,2023-07-25,21.89,clear sky,0,0.0
21,Avignon,43.9492493,4.8059012,2023-07-26,18.83,clear sky,2,0.0
21,Avignon,43.9492493,4.8059012,2023-07-26,17.41,clear sky,0,0.0
21,Avignon,43.9492493,4.8059012,2023-07-26,18.45,scattered clouds,27,0.0
21,Avignon,43.9492493,4.8059012,2023-07-26,24.59,clear sky,9,0.0
21,Avignon,43.9492493,4.8059012,2023-07-26,29.12,scattered clouds,26,0.0
21,Avignon,43.9492493,4.8059012,2023-07-26,31.21,few clouds,20,0.0
21,Avignon,43.9492493,4.8059012,2023-07-26,27.34,clear sky,10,0.0
21,Avignon,43.9492493,4.8059012,2023-07-26,21.67,clear sky,0,0.0
21,Avignon,43.9492493,4.8059012,2023-07-27,19.43,clear sky,0,0.0
21,Avignon,43.9492493,4.8059012,2023-07-27,17.53,clear sky,0,0.0
21,Avignon,43.9492493,4.8059012,2023-07-27,19.61,clear sky,0,0.0
21,Avignon,43.9492493,4.8059012,2023-07-27,27.27,clear sky,0,0.0
21,Avignon,43.9492493,4.8059012,2023-07-27,33.06,clear sky,0,0.0
21,Avignon,43.9492493,4.8059012,2023-07-27,32.69,clear sky,0,0.0
21,Avignon,43.9492493,4.8059012,2023-07-27,28.06,clear sky,0,0.0
21,Avignon,43.9492493,4.8059012,2023-07-27,22.59,light rain,90,0.2
21,Avignon,43.9492493,4.8059012,2023-07-28,21.69,broken clouds,84,0.18
21,Avignon,43.9492493,4.8059012,2023-07-28,20.43,light rain,76,0.39
21,Avignon,43.9492493,4.8059012,2023-07-28,22.39,light rain,88,0.46
21,Avignon,43.9492493,4.8059012,2023-07-28,26.29,light rain,99,0.23
21,Avignon,43.9492493,4.8059012,2023-07-28,30.02,light rain,99,0.24
22,Uzes,44.0121279,4.4196718,2023-07-23,31.45,scattered clouds,25,0.0
22,Uzes,44.0121279,4.4196718,2023-07-23,30.28,few clouds,22,0.0
22,Uzes,44.0121279,4.4196718,2023-07-23,25.04,light rain,21,0.39
22,Uzes,44.0121279,4.4196718,2023-07-24,20.74,light rain,43,0.35
22,Uzes,44.0121279,4.4196718,2023-07-24,19.35,light rain,25,0.23
22,Uzes,44.0121279,4.4196718,2023-07-24,22.16,scattered clouds,47,0.02
22,Uzes,44.0121279,4.4196718,2023-07-24,26.34,overcast clouds,99,0.47
22,Uzes,44.0121279,4.4196718,2023-07-24,30.12,broken clouds,67,0.35
22,Uzes,44.0121279,4.4196718,2023-07-24,30.88,broken clouds,52,0.1
22,Uzes,44.0121279,4.4196718,2023-07-24,28.8,light rain,55,0.38
22,Uzes,44.0121279,4.4196718,2023-07-24,22.34,light rain,56,0.45
22,Uzes,44.0121279,4.4196718,2023-07-25,19.61,light rain,78,0.42
22,Uzes,44.0121279,4.4196718,2023-07-25,18.76,light rain,100,0.36
22,Uzes,44.0121279,4.4196718,2023-07-25,19.27,broken clouds,67,0.11
22,Uzes,44.0121279,4.4196718,2023-07-25,25.07,clear sky,2,0.0
22,Uzes,44.0121279,4.4196718,2023-07-25,27.74,scattered clouds,28,0.0
22,Uzes,44.0121279,4.4196718,2023-07-25,28.65,overcast clouds,94,0.0
22,Uzes,44.0121279,4.4196718,2023-07-25,25.92,broken clouds,64,0.0
22,Uzes,44.0121279,4.4196718,2023-07-25,19.6,clear sky,2,0.0
22,Uzes,44.0121279,4.4196718,2023-07-26,17.17,clear sky,3,0.0
22,Uzes,44.0121279,4.4196718,2023-07-26,14.88,clear sky,2,0.0
22,Uzes,44.0121279,4.4196718,2023-07-26,17.18,scattered clouds,39,0.0
22,Uzes,44.0121279,4.4196718,2023-07-26,25.0,few clouds,20,0.0
22,Uzes,44.0121279,4.4196718,2023-07-26,29.36,few clouds,23,0.0
22,Uzes,44.0121279,4.4196718,2023-07-26,30.96,few clouds,17,0.0
22,Uzes,44.0121279,4.4196718,2023-07-26,25.81,few clouds,14,0.0
22,Uzes,44.0121279,4.4196718,2023-07-26,19.96,clear sky,0,0.0
22,Uzes,44.0121279,4.4196718,2023-07-27,17.72,clear sky,0,0.0
22,Uzes,44.0121279,4.4196718,2023-07-27,16.49,clear sky,0,0.0
22,Uzes,44.0121279,4.4196718,2023-07-27,19.3,clear sky,0,0.0
22,Uzes,44.0121279,4.4196718,2023-07-27,27.64,clear sky,0,0.0
22,Uzes,44.0121279,4.4196718,2023-07-27,32.59,clear sky,0,0.0
22,Uzes,44.0121279,4.4196718,2023-07-27,31.91,clear sky,0,0.0
22,Uzes,44.0121279,4.4196718,2023-07-27,26.34,clear sky,0,0.0
22,Uzes,44.0121279,4.4196718,2023-07-27,20.91,broken clouds,83,0.03
22,Uzes,44.0121279,4.4196718,2023-07-28,21.25,light rain,91,0.35
22,Uzes,44.0121279,4.4196718,2023-07-28,20.78,light rain,74,0.5
22,Uzes,44.0121279,4.4196718,2023-07-28,21.23,overcast clouds,87,0.54
22,Uzes,44.0121279,4.4196718,2023-07-28,24.72,light rain,100,0.33
22,Uzes,44.0121279,4.4196718,2023-07-28,29.63,light rain,100,0.35
23,Nimes,43.8374249,4.3600687,2023-07-23,31.34,clear sky,0,0.0
23,Nimes,43.8374249,4.3600687,2023-07-23,30.22,clear sky,8,0.0
23,Nimes,43.8374249,4.3600687,2023-07-23,25.73,clear sky,5,0.14
23,Nimes,43.8374249,4.3600687,2023-07-24,21.81,light rain,37,0.3
23,Nimes,43.8374249,4.3600687,2023-07-24,20.64,few clouds,13,0.01
23,Nimes,43.8374249,4.3600687,2023-07-24,22.62,scattered clouds,39,0.01
23,Nimes,43.8374249,4.3600687,2023-07-24,26.2,overcast clouds,89,0.47
23,Nimes,43.8374249,4.3600687,2023-07-24,29.68,broken clouds,68,0.35
23,Nimes,43.8374249,4.3600687,2023-07-24,31.22,scattered clouds,47,0.05
23,Nimes,43.8374249,4.3600687,2023-07-24,28.88,scattered clouds,45,0.1
23,Nimes,43.8374249,4.3600687,2023-07-24,23.7,scattered clouds,36,0.31
23,Nimes,43.8374249,4.3600687,2023-07-25,21.47,light rain,68,0.29
23,Nimes,43.8374249,4.3600687,2023-07-25,20.08,light rain,100,0.39
23,Nimes,43.8374249,4.3600687,2023-07-25,20.46,broken clouds,67,0.03
23,Nimes,43.8374249,4.3600687,2023-07-25,25.78,clear sky,4,0.0
23,Nimes,43.8374249,4.3600687,2023-07-25,27.92,scattered clouds,34,0.0
23,Nimes,43.8374249,4.3600687,2023-07-25,28.38,overcast clouds,99,0.0
23,Nimes,43.8374249,4.3600687,2023-07-25,26.83,broken clouds,66,0.0
23,Nimes,43.8374249,4.3600687,2023-07-25,21.19,clear sky,1,0.0
23,Nimes,43.8374249,4.3600687,2023-07-26,18.62,clear sky,1,0.0
23,Nimes,43.8374249,4.3600687,2023-07-26,16.47,clear sky,2,0.0
23,Nimes,43.8374249,4.3600687,2023-07-26,18.19,scattered clouds,38,0.0
23,Nimes,43.8374249,4.3600687,2023-07-26,25.51,clear sky,6,0.0
23,Nimes,43.8374249,4.3600687,2023-07-26,30.09,scattered clouds,28,0.0
23,Nimes,43.8374249,4.3600687,2023-07-26,31.83,few clouds,21,0.0
23,Nimes,43.8374249,4.3600687,2023-07-26,26.97,few clouds,12,0.0
23,Nimes,43.8374249,4.3600687,2023-07-26,21.78,clear sky,0,0.0
23,Nimes,43.8374249,4.3600687,2023-07-27,19.6,clear sky,0,0.0
23,Nimes,43.8374249,4.3600687,2023-07-27,18.19,clear sky,0,0.0
23,Nimes,43.8374249,4.3600687,2023-07-27,20.32,clear sky,0,0.0
23,Nimes,43.8374249,4.3600687,2023-07-27,28.06,clear sky,0,0.0
23,Nimes,43.8374249,4.3600687,2023-07-27,32.24,clear sky,0,0.0
23,Nimes,43.8374249,4.3600687,2023-07-27,30.7,clear sky,0,0.0
23,Nimes,43.8374249,4.3600687,2023-07-27,26.3,clear sky,0,0.0
23,Nimes,43.8374249,4.3600687,2023-07-27,22.6,overcast clouds,93,0.06
23,Nimes,43.8374249,4.3600687,2023-07-28,22.1,light rain,95,0.45
23,Nimes,43.8374249,4.3600687,2023-07-28,21.11,moderate rain,93,0.54
23,Nimes,43.8374249,4.3600687,2023-07-28,21.48,light rain,96,0.54
23,Nimes,43.8374249,4.3600687,2023-07-28,25.03,light rain,100,0.27
23,Nimes,43.8374249,4.3600687,2023-07-28,30.35,overcast clouds,100,0.1
24,Aigues Mortes,43.5658225,4.1912837,2023-07-23,28.17,few clouds,20,0.0
24,Aigues Mortes,43.5658225,4.1912837,2023-07-23,27.38,few clouds,20,0.0
24,Aigues Mortes,43.5658225,4.1912837,2023-07-23,25.3,clear sky,7,0.03
24,Aigues Mortes,43.5658225,4.1912837,2023-07-24,23.48,light rain,39,0.22
24,Aigues Mortes,43.5658225,4.1912837,2023-07-24,22.82,clear sky,4,0.0
24,Aigues Mortes,43.5658225,4.1912837,2023-07-24,23.83,scattered clouds,30,0.02
24,Aigues Mortes,43.5658225,4.1912837,2023-07-24,25.17,light rain,90,0.54
24,Aigues Mortes,43.5658225,4.1912837,2023-07-24,26.45,broken clouds,63,0.42
24,Aigues Mortes,43.5658225,4.1912837,2023-07-24,27.45,scattered clouds,34,0.04
24,Aigues Mortes,43.5658225,4.1912837,2023-07-24,26.58,scattered clouds,34,0.08
24,Aigues Mortes,43.5658225,4.1912837,2023-07-24,25.28,scattered clouds,31,0.08
24,Aigues Mortes,43.5658225,4.1912837,2023-07-25,23.05,broken clouds,66,0.1
24,Aigues Mortes,43.5658225,4.1912837,2023-07-25,20.88,light rain,100,0.52
24,Aigues Mortes,43.5658225,4.1912837,2023-07-25,20.86,broken clouds,68,0.16
24,Aigues Mortes,43.5658225,4.1912837,2023-07-25,24.39,clear sky,5,0.0
24,Aigues Mortes,43.5658225,4.1912837,2023-07-25,26.05,scattered clouds,38,0.0
24,Aigues Mortes,43.5658225,4.1912837,2023-07-25,26.85,overcast clouds,97,0.0
24,Aigues Mortes,43.5658225,4.1912837,2023-07-25,26.53,broken clouds,66,0.0
24,Aigues Mortes,43.5658225,4.1912837,2023-07-25,22.7,few clouds,22,0.0
24,Aigues Mortes,43.5658225,4.1912837,2023-07-26,20.7,few clouds,11,0.0
24,Aigues Mortes,43.5658225,4.1912837,2023-07-26,19.21,clear sky,3,0.0
24,Aigues Mortes,43.5658225,4.1912837,2023-07-26,19.44,scattered clouds,45,0.0
24,Aigues Mortes,43.5658225,4.1912837,2023-07-26,24.46,few clouds,20,0.0
24,Aigues Mortes,43.5658225,4.1912837,2023-07-26,27.86,few clouds,24,0.0
24,Aigues Mortes,43.5658225,4.1912837,2023-07-26,29.77,clear sky,8,0.0
24,Aigues Mortes,43.5658225,4.1912837,2023-07-26,27.33,clear sky,4,0.0
24,Aigues Mortes,43.5658225,4.1912837,2023-07-26,23.26,clear sky,0,0.0
24,Aigues Mortes,43.5658225,4.1912837,2023-07-27,21.84,clear sky,0,0.0
24,Aigues Mortes,43.5658225,4.1912837,2023-07-27,20.39,clear sky,0,0.0
24,Aigues Mortes,43.5658225,4.1912837,2023-07-27,20.94,clear sky,0,0.0
24,Aigues Mortes,43.5658225,4.1912837,2023-07-27,25.11,clear sky,0,0.0
24,Aigues Mortes,43.5658225,4.1912837,2023-07-27,26.27,clear sky,0,0.0
24,Aigues Mortes,43.5658225,4.1912837,2023-07-27,26.16,clear sky,0,0.0
24,Aigues Mortes,43.5658225,4.1912837,2023-07-27,24.85,clear sky,0,0.0
24,Aigues Mortes,43.5658225,4.1912837,2023-07-27,23.78,overcast clouds,99,0.19
24,Aigues Mortes,43.5658225,4.1912837,2023-07-28,22.92,moderate rain,95,0.58
24,Aigues Mortes,43.5658225,4.1912837,2023-07-28,22.09,moderate rain,87,0.53
24,Aigues Mortes,43.5658225,4.1912837,2023-07-28,21.81,overcast clouds,94,0.49
24,Aigues Mortes,43.5658225,4.1912837,2023-07-28,24.65,overcast clouds,86,0.01
24,Aigues Mortes,43.5658225,4.1912837,2023-07-28,27.17,broken clouds,77,0.02
25,Saintes Maries de la mer,43.4522771,4.4287172,2023-07-23,30.97,few clouds,14,0.0
25,Saintes Maries de la mer,43.4522771,4.4287172,2023-07-23,29.02,few clouds,12,0.0
25,Saintes Maries de la mer,43.4522771,4.4287172,2023-07-23,26.43,clear sky,5,0.0
25,Saintes Maries de la mer,43.4522771,4.4287172,2023-07-24,23.84,light rain,40,0.2
25,Saintes Maries de la mer,43.4522771,4.4287172,2023-07-24,23.53,clear sky,3,0.0
25,Saintes Maries de la mer,43.4522771,4.4287172,2023-07-24,24.35,few clouds,23,0.0
25,Saintes Maries de la mer,43.4522771,4.4287172,2023-07-24,24.17,light rain,95,0.58
25,Saintes Maries de la mer,43.4522771,4.4287172,2023-07-24,26.04,broken clouds,55,0.46
25,Saintes Maries de la mer,43.4522771,4.4287172,2023-07-24,25.99,clear sky,5,0.01
25,Saintes Maries de la mer,43.4522771,4.4287172,2023-07-24,25.39,clear sky,9,0.04
25,Saintes Maries de la mer,43.4522771,4.4287172,2023-07-24,24.95,scattered clouds,25,0.03
25,Saintes Maries de la mer,43.4522771,4.4287172,2023-07-25,23.67,broken clouds,63,0.01
25,Saintes Maries de la mer,43.4522771,4.4287172,2023-07-25,20.46,light rain,100,0.44
25,Saintes Maries de la mer,43.4522771,4.4287172,2023-07-25,20.74,broken clouds,68,0.2
25,Saintes Maries de la mer,43.4522771,4.4287172,2023-07-25,24.06,clear sky,4,0.0
25,Saintes Maries de la mer,43.4522771,4.4287172,2023-07-25,25.93,scattered clouds,33,0.0
25,Saintes Maries de la mer,43.4522771,4.4287172,2023-07-25,26.27,broken clouds,82,0.0
25,Saintes Maries de la mer,43.4522771,4.4287172,2023-07-25,26.15,broken clouds,54,0.0
25,Saintes Maries de la mer,43.4522771,4.4287172,2023-07-25,23.04,few clouds,17,0.0
25,Saintes Maries de la mer,43.4522771,4.4287172,2023-07-26,20.37,few clouds,12,0.0
25,Saintes Maries de la mer,43.4522771,4.4287172,2023-07-26,19.18,clear sky,6,0.0
25,Saintes Maries de la mer,43.4522771,4.4287172,2023-07-26,19.41,scattered clouds,41,0.0
25,Saintes Maries de la mer,43.4522771,4.4287172,2023-07-26,23.93,scattered clouds,29,0.0
25,Saintes Maries de la mer,43.4522771,4.4287172,2023-07-26,26.78,scattered clouds,43,0.0
25,Saintes Maries de la mer,43.4522771,4.4287172,2023-07-26,28.78,clear sky,8,0.0
25,Saintes Maries de la mer,43.4522771,4.4287172,2023-07-26,27.32,clear sky,4,0.0
25,Saintes Maries de la mer,43.4522771,4.4287172,2023-07-26,23.19,clear sky,0,0.0
25,Saintes Maries de la mer,43.4522771,4.4287172,2023-07-27,21.93,clear sky,0,0.0
25,Saintes Maries de la mer,43.4522771,4.4287172,2023-07-27,20.83,clear sky,0,0.0
25,Saintes Maries de la mer,43.4522771,4.4287172,2023-07-27,20.92,clear sky,0,0.0
25,Saintes Maries de la mer,43.4522771,4.4287172,2023-07-27,24.44,clear sky,0,0.0
25,Saintes Maries de la mer,43.4522771,4.4287172,2023-07-27,24.57,clear sky,0,0.0
25,Saintes Maries de la mer,43.4522771,4.4287172,2023-07-27,24.93,clear sky,0,0.0
25,Saintes Maries de la mer,43.4522771,4.4287172,2023-07-27,24.38,clear sky,0,0.0
25,Saintes Maries de la mer,43.4522771,4.4287172,2023-07-27,23.88,overcast clouds,100,0.05
25,Saintes Maries de la mer,43.4522771,4.4287172,2023-07-28,23.44,light rain,91,0.42
25,Saintes Maries de la mer,43.4522771,4.4287172,2023-07-28,22.69,moderate rain,84,0.53
25,Saintes Maries de la mer,43.4522771,4.4287172,2023-07-28,22.53,light rain,91,0.52
25,Saintes Maries de la mer,43.4522771,4.4287172,2023-07-28,24.72,broken clouds,66,0.0
25,Saintes Maries de la mer,43.4522771,4.4287172,2023-07-28,26.14,broken clouds,76,0.0
26,Collioure,42.52505,3.0831554,2023-07-23,35.83,clear sky,3,0.0
26,Collioure,42.52505,3.0831554,2023-07-23,33.56,clear sky,3,0.0
26,Collioure,42.52505,3.0831554,2023-07-23,28.2,few clouds,17,0.0
26,Collioure,42.52505,3.0831554,2023-07-24,22.93,scattered clouds,46,0.0
26,Collioure,42.52505,3.0831554,2023-07-24,22.67,few clouds,22,0.0
26,Collioure,42.52505,3.0831554,2023-07-24,22.32,light rain,38,0.32
26,Collioure,42.52505,3.0831554,2023-07-24,26.01,light rain,36,0.24
26,Collioure,42.52505,3.0831554,2023-07-24,28.84,few clouds,21,0.19
26,Collioure,42.52505,3.0831554,2023-07-24,29.13,clear sky,10,0.0
26,Collioure,42.52505,3.0831554,2023-07-24,27.02,few clouds,14,0.0
26,Collioure,42.52505,3.0831554,2023-07-24,22.89,scattered clouds,38,0.0
26,Collioure,42.52505,3.0831554,2023-07-25,20.98,broken clouds,64,0.0
26,Collioure,42.52505,3.0831554,2023-07-25,18.74,light rain,53,1.0
26,Collioure,42.52505,3.0831554,2023-07-25,19.81,light rain,31,0.95
26,Collioure,42.52505,3.0831554,2023-07-25,23.03,overcast clouds,85,0.0
26,Collioure,42.52505,3.0831554,2023-07-25,25.75,overcast clouds,88,0.03
26,Collioure,42.52505,3.0831554,2023-07-25,24.65,broken clouds,79,0.2
26,Collioure,42.52505,3.0831554,2023-07-25,23.99,overcast clouds,90,0.2
26,Collioure,42.52505,3.0831554,2023-07-25,22.2,overcast clouds,93,0.06
26,Collioure,42.52505,3.0831554,2023-07-26,20.47,overcast clouds,90,0.02
26,Collioure,42.52505,3.0831554,2023-07-26,18.93,broken clouds,82,0.0
26,Collioure,42.52505,3.0831554,2023-07-26,18.89,overcast clouds,85,0.0
26,Collioure,42.52505,3.0831554,2023-07-26,23.4,few clouds,18,0.0
26,Collioure,42.52505,3.0831554,2023-07-26,27.72,clear sky,10,0.0
26,Collioure,42.52505,3.0831554,2023-07-26,27.71,few clouds,21,0.0
26,Collioure,42.52505,3.0831554,2023-07-26,26.68,scattered clouds,40,0.0
26,Collioure,42.52505,3.0831554,2023-07-26,23.27,scattered clouds,29,0.0
26,Collioure,42.52505,3.0831554,2023-07-27,22.14,few clouds,15,0.0
26,Collioure,42.52505,3.0831554,2023-07-27,21.21,clear sky,0,0.0
26,Collioure,42.52505,3.0831554,2023-07-27,22.48,clear sky,0,0.0
26,Collioure,42.52505,3.0831554,2023-07-27,26.37,clear sky,0,0.0
26,Collioure,42.52505,3.0831554,2023-07-27,29.89,clear sky,0,0.0
26,Collioure,42.52505,3.0831554,2023-07-27,31.43,clear sky,0,0.0
26,Collioure,42.52505,3.0831554,2023-07-27,28.14,light rain,17,0.25
26,Collioure,42.52505,3.0831554,2023-07-27,22.94,light rain,100,0.48
26,Collioure,42.52505,3.0831554,2023-07-28,21.16,broken clouds,82,0.4
26,Collioure,42.52505,3.0831554,2023-07-28,21.46,overcast clouds,96,0.0
26,Collioure,42.52505,3.0831554,2023-07-28,21.95,broken clouds,77,0.0
26,Collioure,42.52505,3.0831554,2023-07-28,23.7,overcast clouds,100,0.0
26,Collioure,42.52505,3.0831554,2023-07-28,26.42,overcast clouds,98,0.0
27,Carcassonne,43.2130358,2.3491069,2023-07-23,32.09,clear sky,0,0.0
27,Carcassonne,43.2130358,2.3491069,2023-07-23,30.76,clear sky,0,0.0
27,Carcassonne,43.2130358,2.3491069,2023-07-23,25.85,clear sky,6,0.02
27,Carcassonne,43.2130358,2.3491069,2023-07-24,22.48,scattered clouds,44,0.01
27,Carcassonne,43.2130358,2.3491069,2023-07-24,20.72,light rain,77,0.2
27,Carcassonne,43.2130358,2.3491069,2023-07-24,19.09,overcast clouds,88,0.0
27,Carcassonne,43.2130358,2.3491069,2023-07-24,24.27,broken clouds,81,0.0
27,Carcassonne,43.2130358,2.3491069,2023-07-24,29.2,scattered clouds,45,0.0
27,Carcassonne,43.2130358,2.3491069,2023-07-24,30.47,few clouds,12,0.0
27,Carcassonne,43.2130358,2.3491069,2023-07-24,25.0,scattered clouds,45,0.04
27,Carcassonne,43.2130358,2.3491069,2023-07-24,19.36,light rain,97,0.39
27,Carcassonne,43.2130358,2.3491069,2023-07-25,18.09,light rain,98,0.46
27,Carcassonne,43.2130358,2.3491069,2023-07-25,16.96,moderate rain,90,0.91
27,Carcassonne,43.2130358,2.3491069,2023-07-25,16.87,light rain,84,0.85
27,Carcassonne,43.2130358,2.3491069,2023-07-25,21.33,light rain,68,0.48
27,Carcassonne,43.2130358,2.3491069,2023-07-25,24.05,light rain,77,0.51
27,Carcassonne,43.2130358,2.3491069,2023-07-25,25.13,overcast clouds,96,0.01
27,Carcassonne,43.2130358,2.3491069,2023-07-25,23.14,broken clouds,66,0.01
27,Carcassonne,43.2130358,2.3491069,2023-07-25,19.39,overcast clouds,88,0.0
27,Carcassonne,43.2130358,2.3491069,2023-07-26,16.51,scattered clouds,47,0.0
27,Carcassonne,43.2130358,2.3491069,2023-07-26,14.38,broken clouds,68,0.08
27,Carcassonne,43.2130358,2.3491069,2023-07-26,15.14,broken clouds,84,0.0
27,Carcassonne,43.2130358,2.3491069,2023-07-26,21.53,scattered clouds,50,0.0
27,Carcassonne,43.2130358,2.3491069,2023-07-26,26.85,scattered clouds,28,0.0
27,Carcassonne,43.2130358,2.3491069,2023-07-26,28.63,clear sky,0,0.0
27,Carcassonne,43.2130358,2.3491069,2023-07-26,26.69,clear sky,0,0.0
27,Carcassonne,43.2130358,2.3491069,2023-07-26,20.32,clear sky,1,0.0
27,Carcassonne,43.2130358,2.3491069,2023-07-27,18.32,clear sky,0,0.0
27,Carcassonne,43.2130358,2.3491069,2023-07-27,17.3,clear sky,0,0.0
27,Carcassonne,43.2130358,2.3491069,2023-07-27,20.15,clear sky,0,0.0
27,Carcassonne,43.2130358,2.3491069,2023-07-27,28.28,clear sky,0,0.0
27,Carcassonne,43.2130358,2.3491069,2023-07-27,32.87,clear sky,0,0.0
27,Carcassonne,43.2130358,2.3491069,2023-07-27,31.64,clear sky,0,0.0
27,Carcassonne,43.2130358,2.3491069,2023-07-27,24.95,light rain,29,0.54
27,Carcassonne,43.2130358,2.3491069,2023-07-27,18.8,heavy intensity rain,100,0.99
27,Carcassonne,43.2130358,2.3491069,2023-07-28,18.12,light rain,89,0.99
27,Carcassonne,43.2130358,2.3491069,2023-07-28,17.99,overcast clouds,99,0.0
27,Carcassonne,43.2130358,2.3491069,2023-07-28,18.2,overcast clouds,99,0.0
27,Carcassonne,43.2130358,2.3491069,2023-07-28,22.92,overcast clouds,87,0.0
27,Carcassonne,43.2130358,2.3491069,2023-07-28,27.69,broken clouds,64,0.0
28,Toulouse,43.6044622,1.4442469,2023-07-23,34.97,clear sky,0,0.0
28,Toulouse,43.6044622,1.4442469,2023-07-23,33.54,clear sky,0,0.0
28,Toulouse,43.6044622,1.4442469,2023-07-23,26.82,light rain,33,0.24
28,Toulouse,43.6044622,1.4442469,2023-07-24,19.59,light rain,26,0.28
28,Toulouse,43.6044622,1.4442469,2023-07-24,17.43,broken clouds,57,0.08
28,Toulouse,43.6044622,1.4442469,2023-07-24,18.08,broken clouds,78,0.0
28,Toulouse,43.6044622,1.4442469,2023-07-24,21.77,broken clouds,79,0.0
28,Toulouse,43.6044622,1.4442469,2023-07-24,26.67,broken clouds,76,0.02
28,Toulouse,43.6044622,1.4442469,2023-07-24,23.91,overcast clouds,99,0.1
28,Toulouse,43.6044622,1.4442469,2023-07-24,20.64,light rain,97,0.54
28,Toulouse,43.6044622,1.4442469,2023-07-24,17.6,light rain,100,0.72
28,Toulouse,43.6044622,1.4442469,2023-07-25,16.69,light rain,100,0.71
28,Toulouse,43.6044622,1.4442469,2023-07-25,15.27,light rain,47,0.33
28,Toulouse,43.6044622,1.4442469,2023-07-25,15.84,light rain,32,0.29
28,Toulouse,43.6044622,1.4442469,2023-07-25,17.35,light rain,48,0.81
28,Toulouse,43.6044622,1.4442469,2023-07-25,23.39,light rain,71,0.67
28,Toulouse,43.6044622,1.4442469,2023-07-25,24.52,overcast clouds,94,0.16
28,Toulouse,43.6044622,1.4442469,2023-07-25,22.65,broken clouds,63,0.08
28,Toulouse,43.6044622,1.4442469,2023-07-25,18.15,broken clouds,68,0.0
28,Toulouse,43.6044622,1.4442469,2023-07-26,14.44,scattered clouds,35,0.0
28,Toulouse,43.6044622,1.4442469,2023-07-26,13.15,broken clouds,70,0.02
28,Toulouse,43.6044622,1.4442469,2023-07-26,14.8,broken clouds,82,0.0
28,Toulouse,43.6044622,1.4442469,2023-07-26,21.22,scattered clouds,34,0.0
28,Toulouse,43.6044622,1.4442469,2023-07-26,25.55,scattered clouds,42,0.0
28,Toulouse,43.6044622,1.4442469,2023-07-26,27.59,clear sky,6,0.0
28,Toulouse,43.6044622,1.4442469,2023-07-26,26.03,clear sky,6,0.0
28,Toulouse,43.6044622,1.4442469,2023-07-26,19.81,clear sky,8,0.0
28,Toulouse,43.6044622,1.4442469,2023-07-27,17.68,clear sky,4,0.0
28,Toulouse,43.6044622,1.4442469,2023-07-27,16.62,clear sky,0,0.0
28,Toulouse,43.6044622,1.4442469,2023-07-27,18.13,clear sky,0,0.0
28,Toulouse,43.6044622,1.4442469,2023-07-27,26.89,clear sky,0,0.0
28,Toulouse,43.6044622,1.4442469,2023-07-27,34.17,clear sky,0,0.0
28,Toulouse,43.6044622,1.4442469,2023-07-27,35.87,clear sky,0,0.0
28,Toulouse,43.6044622,1.4442469,2023-07-27,25.88,light rain,29,0.66
28,Toulouse,43.6044622,1.4442469,2023-07-27,19.27,moderate rain,100,1.0
28,Toulouse,43.6044622,1.4442469,2023-07-28,17.67,overcast clouds,92,0.76
28,Toulouse,43.6044622,1.4442469,2023-07-28,17.48,overcast clouds,100,0.0
28,Toulouse,43.6044622,1.4442469,2023-07-28,18.45,overcast clouds,100,0.0
28,Toulouse,43.6044622,1.4442469,2023-07-28,22.57,light rain,97,0.32
28,Toulouse,43.6044622,1.4442469,2023-07-28,27.84,broken clouds,60,0.0
29,Montauban,44.0175835,1.3549991,2023-07-23,31.14,clear sky,10,0.0
29,Montauban,44.0175835,1.3549991,2023-07-23,30.55,clear sky,9,0.0
29,Montauban,44.0175835,1.3549991,2023-07-23,24.27,light rain,63,0.55
29,Montauban,44.0175835,1.3549991,2023-07-24,17.8,light rain,55,0.39
29,Montauban,44.0175835,1.3549991,2023-07-24,16.18,light rain,28,0.28
29,Montauban,44.0175835,1.3549991,2023-07-24,17.29,broken clouds,64,0.06
29,Montauban,44.0175835,1.3549991,2023-07-24,21.05,overcast clouds,96,0.03
29,Montauban,44.0175835,1.3549991,2023-07-24,25.56,light rain,97,0.22
29,Montauban,44.0175835,1.3549991,2023-07-24,23.7,light rain,100,0.33
29,Montauban,44.0175835,1.3549991,2023-07-24,22.66,overcast clouds,100,0.41
29,Montauban,44.0175835,1.3549991,2023-07-24,17.65,light rain,99,0.4
29,Montauban,44.0175835,1.3549991,2023-07-25,15.85,overcast clouds,97,0.36
29,Montauban,44.0175835,1.3549991,2023-07-25,14.69,light rain,39,0.41
29,Montauban,44.0175835,1.3549991,2023-07-25,15.72,light rain,28,0.37
29,Montauban,44.0175835,1.3549991,2023-07-25,17.86,light rain,76,0.57
29,Montauban,44.0175835,1.3549991,2023-07-25,23.02,overcast clouds,88,0.34
29,Montauban,44.0175835,1.3549991,2023-07-25,25.78,broken clouds,69,0.0
29,Montauban,44.0175835,1.3549991,2023-07-25,22.83,scattered clouds,42,0.0
29,Montauban,44.0175835,1.3549991,2023-07-25,17.65,broken clouds,53,0.0
29,Montauban,44.0175835,1.3549991,2023-07-26,13.03,scattered clouds,27,0.0
29,Montauban,44.0175835,1.3549991,2023-07-26,12.83,broken clouds,73,0.0
29,Montauban,44.0175835,1.3549991,2023-07-26,14.71,overcast clouds,86,0.0
29,Montauban,44.0175835,1.3549991,2023-07-26,20.66,scattered clouds,47,0.0
29,Montauban,44.0175835,1.3549991,2023-07-26,23.89,broken clouds,61,0.0
29,Montauban,44.0175835,1.3549991,2023-07-26,26.56,scattered clouds,43,0.0
29,Montauban,44.0175835,1.3549991,2023-07-26,24.88,scattered clouds,36,0.01
29,Montauban,44.0175835,1.3549991,2023-07-26,19.01,few clouds,24,0.0
29,Montauban,44.0175835,1.3549991,2023-07-27,17.15,few clouds,12,0.0
29,Montauban,44.0175835,1.3549991,2023-07-27,15.99,clear sky,0,0.0
29,Montauban,44.0175835,1.3549991,2023-07-27,17.4,clear sky,0,0.0
29,Montauban,44.0175835,1.3549991,2023-07-27,25.92,clear sky,0,0.0
29,Montauban,44.0175835,1.3549991,2023-07-27,32.38,clear sky,0,0.0
29,Montauban,44.0175835,1.3549991,2023-07-27,35.27,clear sky,0,0.0
29,Montauban,44.0175835,1.3549991,2023-07-27,24.01,light rain,18,0.4
29,Montauban,44.0175835,1.3549991,2023-07-27,18.69,light rain,100,1.0
29,Montauban,44.0175835,1.3549991,2023-07-28,17.19,broken clouds,84,0.76
29,Montauban,44.0175835,1.3549991,2023-07-28,17.16,overcast clouds,100,0.0
29,Montauban,44.0175835,1.3549991,2023-07-28,18.12,light rain,100,0.2
29,Montauban,44.0175835,1.3549991,2023-07-28,22.79,overcast clouds,100,0.19
29,Montauban,44.0175835,1.3549991,2023-07-28,27.64,broken clouds,61,0.02
30,Biarritz,43.4832523,-1.5592776,2023-07-23,23.65,clear sky,0,0.0
30,Biarritz,43.4832523,-1.5592776,2023-07-23,22.91,scattered clouds,31,0.0
30,Biarritz,43.4832523,-1.5592776,2023-07-23,21.2,broken clouds,53,0.0
30,Biarritz,43.4832523,-1.5592776,2023-07-24,19.71,overcast clouds,90,0.03
30,Biarritz,43.4832523,-1.5592776,2023-07-24,19.05,overcast clouds,100,0.0
30,Biarritz,43.4832523,-1.5592776,2023-07-24,19.07,overcast clouds,87,0.05
30,Biarritz,43.4832523,-1.5592776,2023-07-24,21.4,broken clouds,80,0.44
30,Biarritz,43.4832523,-1.5592776,2023-07-24,19.17,light rain,90,0.67
30,Biarritz,43.4832523,-1.5592776,2023-07-24,19.75,light rain,100,0.39
30,Biarritz,43.4832523,-1.5592776,2023-07-24,20.38,light rain,100,0.35
30,Biarritz,43.4832523,-1.5592776,2023-07-24,19.05,light rain,100,0.5
30,Biarritz,43.4832523,-1.5592776,2023-07-25,18.99,light rain,100,0.63
30,Biarritz,43.4832523,-1.5592776,2023-07-25,19.03,light rain,54,0.65
30,Biarritz,43.4832523,-1.5592776,2023-07-25,18.65,light rain,71,0.9
30,Biarritz,43.4832523,-1.5592776,2023-07-25,19.25,light rain,85,0.96
30,Biarritz,43.4832523,-1.5592776,2023-07-25,19.6,light rain,92,0.96
30,Biarritz,43.4832523,-1.5592776,2023-07-25,19.87,light rain,48,0.77
30,Biarritz,43.4832523,-1.5592776,2023-07-25,19.15,light rain,64,0.62
30,Biarritz,43.4832523,-1.5592776,2023-07-25,17.8,light rain,59,0.24
30,Biarritz,43.4832523,-1.5592776,2023-07-26,18.43,light rain,62,0.2
30,Biarritz,43.4832523,-1.5592776,2023-07-26,17.86,light rain,98,0.33
30,Biarritz,43.4832523,-1.5592776,2023-07-26,17.44,light rain,98,0.33
30,Biarritz,43.4832523,-1.5592776,2023-07-26,20.55,broken clouds,51,0.15
30,Biarritz,43.4832523,-1.5592776,2023-07-26,21.77,scattered clouds,30,0.14
30,Biarritz,43.4832523,-1.5592776,2023-07-26,21.88,clear sky,1,0.0
30,Biarritz,43.4832523,-1.5592776,2023-07-26,21.22,clear sky,0,0.0
30,Biarritz,43.4832523,-1.5592776,2023-07-26,18.88,clear sky,0,0.0
30,Biarritz,43.4832523,-1.5592776,2023-07-27,17.4,clear sky,0,0.0
30,Biarritz,43.4832523,-1.5592776,2023-07-27,16.67,clear sky,0,0.0
30,Biarritz,43.4832523,-1.5592776,2023-07-27,17.17,clear sky,0,0.0
30,Biarritz,43.4832523,-1.5592776,2023-07-27,23.59,clear sky,0,0.0
30,Biarritz,43.4832523,-1.5592776,2023-07-27,24.91,light rain,0,0.2
30,Biarritz,43.4832523,-1.5592776,2023-07-27,22.44,light rain,14,0.77
30,Biarritz,43.4832523,-1.5592776,2023-07-27,21.87,light rain,54,0.91
30,Biarritz,43.4832523,-1.5592776,2023-07-27,20.94,light rain,83,0.32
30,Biarritz,43.4832523,-1.5592776,2023-07-28,20.21,light rain,92,0.36
30,Biarritz,43.4832523,-1.5592776,2023-07-28,20.07,overcast clouds,100,0.08
30,Biarritz,43.4832523,-1.5592776,2023-07-28,20.0,overcast clouds,89,0.08
30,Biarritz,43.4832523,-1.5592776,2023-07-28,22.62,scattered clouds,38,0.0
30,Biarritz,43.4832523,-1.5592776,2023-07-28,23.79,scattered clouds,28,0.0
31,Bayonne,43.4945144,-1.4736657,2023-07-23,24.09,clear sky,0,0.0
31,Bayonne,43.4945144,-1.4736657,2023-07-23,23.25,scattered clouds,32,0.0
31,Bayonne,43.4945144,-1.4736657,2023-07-23,21.08,scattered clouds,50,0.0
31,Bayonne,43.4945144,-1.4736657,2023-07-24,19.37,overcast clouds,87,0.04
31,Bayonne,43.4945144,-1.4736657,2023-07-24,18.62,overcast clouds,100,0.0
31,Bayonne,43.4945144,-1.4736657,2023-07-24,18.82,overcast clouds,86,0.04
31,Bayonne,43.4945144,-1.4736657,2023-07-24,21.92,broken clouds,78,0.43
31,Bayonne,43.4945144,-1.4736657,2023-07-24,19.01,light rain,89,0.67
31,Bayonne,43.4945144,-1.4736657,2023-07-24,19.55,light rain,100,0.4
31,Bayonne,43.4945144,-1.4736657,2023-07-24,20.46,light rain,100,0.36
31,Bayonne,43.4945144,-1.4736657,2023-07-24,18.79,light rain,100,0.46
31,Bayonne,43.4945144,-1.4736657,2023-07-25,18.49,light rain,99,0.58
31,Bayonne,43.4945144,-1.4736657,2023-07-25,18.47,light rain,50,0.63
31,Bayonne,43.4945144,-1.4736657,2023-07-25,18.26,light rain,67,0.91
31,Bayonne,43.4945144,-1.4736657,2023-07-25,19.22,light rain,88,0.95
31,Bayonne,43.4945144,-1.4736657,2023-07-25,19.82,light rain,93,0.95
31,Bayonne,43.4945144,-1.4736657,2023-07-25,20.35,light rain,39,0.75
31,Bayonne,43.4945144,-1.4736657,2023-07-25,18.96,light rain,56,0.6
31,Bayonne,43.4945144,-1.4736657,2023-07-25,17.07,light rain,69,0.24
31,Bayonne,43.4945144,-1.4736657,2023-07-26,17.91,light rain,65,0.2
31,Bayonne,43.4945144,-1.4736657,2023-07-26,17.48,light rain,98,0.31
31,Bayonne,43.4945144,-1.4736657,2023-07-26,17.08,light rain,99,0.32
31,Bayonne,43.4945144,-1.4736657,2023-07-26,20.89,broken clouds,64,0.16
31,Bayonne,43.4945144,-1.4736657,2023-07-26,22.49,scattered clouds,39,0.16
31,Bayonne,43.4945144,-1.4736657,2023-07-26,22.45,clear sky,2,0.0
31,Bayonne,43.4945144,-1.4736657,2023-07-26,21.52,clear sky,1,0.0
31,Bayonne,43.4945144,-1.4736657,2023-07-26,18.39,clear sky,0,0.0
31,Bayonne,43.4945144,-1.4736657,2023-07-27,16.86,clear sky,0,0.0
31,Bayonne,43.4945144,-1.4736657,2023-07-27,16.12,clear sky,0,0.0
31,Bayonne,43.4945144,-1.4736657,2023-07-27,16.82,clear sky,0,0.0
31,Bayonne,43.4945144,-1.4736657,2023-07-27,24.54,clear sky,0,0.0
31,Bayonne,43.4945144,-1.4736657,2023-07-27,26.01,light rain,0,0.2
31,Bayonne,43.4945144,-1.4736657,2023-07-27,23.04,light rain,8,0.74
31,Bayonne,43.4945144,-1.4736657,2023-07-27,21.89,light rain,54,0.93
31,Bayonne,43.4945144,-1.4736657,2023-07-27,20.6,light rain,78,0.32
31,Bayonne,43.4945144,-1.4736657,2023-07-28,19.8,light rain,89,0.36
31,Bayonne,43.4945144,-1.4736657,2023-07-28,19.79,overcast clouds,100,0.08
31,Bayonne,43.4945144,-1.4736657,2023-07-28,19.82,overcast clouds,91,0.09
31,Bayonne,43.4945144,-1.4736657,2023-07-28,23.28,scattered clouds,38,0.0
31,Bayonne,43.4945144,-1.4736657,2023-07-28,24.54,scattered clouds,26,0.0
32,La Rochelle,46.1591126,-1.1520434,2023-07-23,22.07,clear sky,0,0.0
32,La Rochelle,46.1591126,-1.1520434,2023-07-23,21.45,scattered clouds,33,0.0
32,La Rochelle,46.1591126,-1.1520434,2023-07-23,20.24,broken clouds,67,0.0
32,La Rochelle,46.1591126,-1.1520434,2023-07-24,19.49,light rain,100,0.2
32,La Rochelle,46.1591126,-1.1520434,2023-07-24,18.86,light rain,97,0.52
32,La Rochelle,46.1591126,-1.1520434,2023-07-24,18.74,light rain,55,0.37
32,La Rochelle,46.1591126,-1.1520434,2023-07-24,20.2,clear sky,3,0.02
32,La Rochelle,46.1591126,-1.1520434,2023-07-24,20.68,light rain,6,0.3
32,La Rochelle,46.1591126,-1.1520434,2023-07-24,20.42,light rain,94,0.75
32,La Rochelle,46.1591126,-1.1520434,2023-07-24,19.55,light rain,97,0.46
32,La Rochelle,46.1591126,-1.1520434,2023-07-24,17.89,light rain,100,0.45
32,La Rochelle,46.1591126,-1.1520434,2023-07-25,17.06,light rain,64,0.52
32,La Rochelle,46.1591126,-1.1520434,2023-07-25,16.63,broken clouds,67,0.0
32,La Rochelle,46.1591126,-1.1520434,2023-07-25,16.86,light rain,80,0.2
32,La Rochelle,46.1591126,-1.1520434,2023-07-25,19.11,scattered clouds,36,0.11
32,La Rochelle,46.1591126,-1.1520434,2023-07-25,19.22,scattered clouds,27,0.03
32,La Rochelle,46.1591126,-1.1520434,2023-07-25,19.52,clear sky,10,0.0
32,La Rochelle,46.1591126,-1.1520434,2023-07-25,18.84,few clouds,18,0.0
32,La Rochelle,46.1591126,-1.1520434,2023-07-25,17.27,clear sky,6,0.0
32,La Rochelle,46.1591126,-1.1520434,2023-07-26,17.74,scattered clouds,28,0.0
32,La Rochelle,46.1591126,-1.1520434,2023-07-26,17.8,light rain,100,0.47
32,La Rochelle,46.1591126,-1.1520434,2023-07-26,18.53,light rain,100,0.99
32,La Rochelle,46.1591126,-1.1520434,2023-07-26,19.74,light rain,92,1.0
32,La Rochelle,46.1591126,-1.1520434,2023-07-26,20.84,light rain,67,0.89
32,La Rochelle,46.1591126,-1.1520434,2023-07-26,20.86,broken clouds,54,0.0
32,La Rochelle,46.1591126,-1.1520434,2023-07-26,20.14,scattered clouds,30,0.0
32,La Rochelle,46.1591126,-1.1520434,2023-07-26,18.55,clear sky,0,0.0
32,La Rochelle,46.1591126,-1.1520434,2023-07-27,18.39,clear sky,0,0.0
32,La Rochelle,46.1591126,-1.1520434,2023-07-27,18.24,clear sky,0,0.0
32,La Rochelle,46.1591126,-1.1520434,2023-07-27,18.73,clear sky,0,0.0
32,La Rochelle,46.1591126,-1.1520434,2023-07-27,20.98,clear sky,7,0.0
32,La Rochelle,46.1591126,-1.1520434,2023-07-27,21.75,clear sky,4,0.0
32,La Rochelle,46.1591126,-1.1520434,2023-07-27,21.77,clear sky,0,0.0
32,La Rochelle,46.1591126,-1.1520434,2023-07-27,20.51,few clouds,18,0.0
32,La Rochelle,46.1591126,-1.1520434,2023-07-27,18.73,broken clouds,75,0.0
32,La Rochelle,46.1591126,-1.1520434,2023-07-28,19.04,overcast clouds,86,0.0
32,La Rochelle,46.1591126,-1.1520434,2023-07-28,19.52,light rain,100,0.7
32,La Rochelle,46.1591126,-1.1520434,2023-07-28,19.63,moderate rain,100,0.98
32,La Rochelle,46.1591126,-1.1520434,2023-07-28,20.42,light rain,54,0.98
32,La Rochelle,46.1591126,-1.1520434,2023-07-28,21.24,broken clouds,73,0.77
